query_id,gallery_id,confidence
486dd80d22f94a5496b3e670b19399a7,df7ea50171af48df81584ab7e8107d15,0.968692
486dd80d22f94a5496b3e670b19399a7,e79ae27b52fa4d54aa37735fd275c66e,0.858584
9e1bede2ba464377897f1d482b7c49ae,df7ea50171af48df81584ab7e8107d15,0.979313
9e1bede2ba464377897f1d482b7c49ae,e79ae27b52fa4d54aa37735fd275c66e,0.870926
a1595c1d280449abbff7742dcdc90b72,e79ae27b52fa4d54aa37735fd275c66e,0.996002
a1595c1d280449abbff7742dcdc90b72,df7ea50171af48df81584ab7e8107d15,0.865400
58c2bd09ab0c4a56ad05b91a3de36417,34b736136487439389c10cc6bd4e9f4e,0.989108
58c2bd09ab0c4a56ad05b91a3de36417,97959d02a64f4a3fbbebe7cbece6c012,0.850565
4d5ef36361734ccdae5d52098bf0123f,34b736136487439389c10cc6bd4e9f4e,0.974369
4d78e6316a014332815f66e59a8a4099,23199e1859544647893a97ea365c5c83,0.970830
4e7bd3e813564642929978bfa51f30c7,23199e1859544647893a97ea365c5c83,0.982931
f25af2430f9345bebb1d841e5867c08d,fbfaa119f55a477984e42d80498f54d3,0.963870
f25af2430f9345bebb1d841e5867c08d,41e657daa20545a588584578bdb4101c,0.866339
44b22297fb9049d682c5ca2921bfc8fa,fbfaa119f55a477984e42d80498f54d3,0.963880
44b22297fb9049d682c5ca2921bfc8fa,41e657daa20545a588584578bdb4101c,0.889668
115a8b58da1343fd928c9b8e89d40878,41e657daa20545a588584578bdb4101c,0.940972
115a8b58da1343fd928c9b8e89d40878,fbfaa119f55a477984e42d80498f54d3,0.876048
dcb5bc6262f24669a59aadae1fe8a9c6,41e657daa20545a588584578bdb4101c,0.973924
dcb5bc6262f24669a59aadae1fe8a9c6,fbfaa119f55a477984e42d80498f54d3,0.899099
16bb236a08d141388ef98f19a4ca335b,57bcda73abab44ee930b20cdaee9d24b,0.983095
16bb236a08d141388ef98f19a4ca335b,0accd1d0138b49049d437c0d9b1c23c3,0.852743
6bb81302398a41f3a58838ff31bdb0f8,57bcda73abab44ee930b20cdaee9d24b,0.992858
6bb81302398a41f3a58838ff31bdb0f8,0accd1d0138b49049d437c0d9b1c23c3,0.850507
efa58554232841b693eb71ccc7417f3d,0accd1d0138b49049d437c0d9b1c23c3,0.990277
9b715a377ba548f682027f97bfd90fef,0accd1d0138b49049d437c0d9b1c23c3,0.987187
1423a1c6689d4577818b5aa7d4dce019,04d24d1cf42b4f7787d8d300cbad6d50,0.994420
1423a1c6689d4577818b5aa7d4dce019,ef511457ee7c490c8e10eccf6e18fef6,0.900063
dd907a79f4e744e2851eafcd9227e602,dd36cc0867b94d55a43b82c1c9a0e95c,0.969036
dd907a79f4e744e2851eafcd9227e602,74de04f31db94a99b757685c91779412,0.859535
7c541d4fc72e49c0ab64a3c1d0fd1c08,dd36cc0867b94d55a43b82c1c9a0e95c,0.944891
7c541d4fc72e49c0ab64a3c1d0fd1c08,74de04f31db94a99b757685c91779412,0.882972
518c046dd36b449fab3f0ffe249b1282,b83013f4c5524232814efa0f8651867f,0.981799
518c046dd36b449fab3f0ffe249b1282,27fe100af7884932a33bf30f10dacc55,0.866135
518c046dd36b449fab3f0ffe249b1282,898eabaaa1a047e18aecbb1c5a8decbf,0.857600
623639be18e04aeba2e0129efe84aab8,27fe100af7884932a33bf30f10dacc55,0.945719
623639be18e04aeba2e0129efe84aab8,b83013f4c5524232814efa0f8651867f,0.895093
623639be18e04aeba2e0129efe84aab8,898eabaaa1a047e18aecbb1c5a8decbf,0.848672
12c13948584341d6a5e45dde227253f8,b83013f4c5524232814efa0f8651867f,0.991394
12c13948584341d6a5e45dde227253f8,27fe100af7884932a33bf30f10dacc55,0.873918
12c13948584341d6a5e45dde227253f8,898eabaaa1a047e18aecbb1c5a8decbf,0.840264
4d070f30ba5d4a11b0b78073f47f11a8,27fe100af7884932a33bf30f10dacc55,0.949327
4d070f30ba5d4a11b0b78073f47f11a8,b83013f4c5524232814efa0f8651867f,0.897835
4d070f30ba5d4a11b0b78073f47f11a8,898eabaaa1a047e18aecbb1c5a8decbf,0.849166
a376e7d651454d5490a6836fdcfbb986,c3f66637872c4141ab3898296739457d,0.940849
a376e7d651454d5490a6836fdcfbb986,da61d9bc8f024a4aba18d5c3072b7838,0.878391
a376e7d651454d5490a6836fdcfbb986,1aaf8edc37ea412b85e3d1b5c5317051,0.877797
a376e7d651454d5490a6836fdcfbb986,ce4fdd5499f8498793c11e586f7da70c,0.873680
127639f543af45dba72da3cecff7c65a,ce4fdd5499f8498793c11e586f7da70c,0.969427
127639f543af45dba72da3cecff7c65a,da61d9bc8f024a4aba18d5c3072b7838,0.939426
127639f543af45dba72da3cecff7c65a,1aaf8edc37ea412b85e3d1b5c5317051,0.921306
127639f543af45dba72da3cecff7c65a,eee7f32249c5452ea36c8ed3a3540010,0.872032
127639f543af45dba72da3cecff7c65a,93dc50abd35349f7923100dca2f41002,0.862929
c91c2c649312417aa86fe0975f437d9f,ce4fdd5499f8498793c11e586f7da70c,0.975553
c91c2c649312417aa86fe0975f437d9f,da61d9bc8f024a4aba18d5c3072b7838,0.934475
c91c2c649312417aa86fe0975f437d9f,1aaf8edc37ea412b85e3d1b5c5317051,0.925528
c91c2c649312417aa86fe0975f437d9f,eee7f32249c5452ea36c8ed3a3540010,0.879876
c91c2c649312417aa86fe0975f437d9f,93dc50abd35349f7923100dca2f41002,0.858216
06975950c6134fdfb4b0ed6a5cf0a50d,1aaf8edc37ea412b85e3d1b5c5317051,0.914895
06975950c6134fdfb4b0ed6a5cf0a50d,93dc50abd35349f7923100dca2f41002,0.895633
06975950c6134fdfb4b0ed6a5cf0a50d,ce4fdd5499f8498793c11e586f7da70c,0.886165
06975950c6134fdfb4b0ed6a5cf0a50d,eee7f32249c5452ea36c8ed3a3540010,0.878350
06975950c6134fdfb4b0ed6a5cf0a50d,da61d9bc8f024a4aba18d5c3072b7838,0.850524
8b60f7f0b86c4168ad03970ab04f5e6f,6b4676aba2a746b3ab778315afc8ee82,0.960687
8b60f7f0b86c4168ad03970ab04f5e6f,51c6049a18b84ee381d0512e40b67c0e,0.958948
8b60f7f0b86c4168ad03970ab04f5e6f,e2769c67dadd4c988f7ccf249a998a56,0.866366
514ebe94b40c403482de042102289b46,51c6049a18b84ee381d0512e40b67c0e,0.989003
514ebe94b40c403482de042102289b46,6b4676aba2a746b3ab778315afc8ee82,0.932164
514ebe94b40c403482de042102289b46,e2769c67dadd4c988f7ccf249a998a56,0.871605
543ddcbf2bd941a58120dad59c45ceb0,6b4676aba2a746b3ab778315afc8ee82,0.993971
543ddcbf2bd941a58120dad59c45ceb0,51c6049a18b84ee381d0512e40b67c0e,0.942909
543ddcbf2bd941a58120dad59c45ceb0,e2769c67dadd4c988f7ccf249a998a56,0.851059
107e548bacc844d38e74d9d3d4c6daef,f1c9c5051bdd4a11a064260bbb9d6d7b,0.927212
107e548bacc844d38e74d9d3d4c6daef,f12e9e5805534d719f829332d1ea5d29,0.900675
107e548bacc844d38e74d9d3d4c6daef,7226603f024c45c6a6e44b00e52e8aad,0.896594
2b96b856fb814e1ea13121869bdfba59,f12e9e5805534d719f829332d1ea5d29,0.985041
2b96b856fb814e1ea13121869bdfba59,7226603f024c45c6a6e44b00e52e8aad,0.896053
2b96b856fb814e1ea13121869bdfba59,f1c9c5051bdd4a11a064260bbb9d6d7b,0.864316
b2bd2aeb78c846db8046a83ff0fa2cd1,f12e9e5805534d719f829332d1ea5d29,0.995328
b2bd2aeb78c846db8046a83ff0fa2cd1,7226603f024c45c6a6e44b00e52e8aad,0.903764
b2bd2aeb78c846db8046a83ff0fa2cd1,f1c9c5051bdd4a11a064260bbb9d6d7b,0.901715
b2bd2aeb78c846db8046a83ff0fa2cd1,8dfe01febd46475ab5aef97033716ce1,0.858180
dba7a96eede9465fb56a4f743a85c9c0,f12e9e5805534d719f829332d1ea5d29,0.935070
dba7a96eede9465fb56a4f743a85c9c0,7226603f024c45c6a6e44b00e52e8aad,0.927427
dba7a96eede9465fb56a4f743a85c9c0,f1c9c5051bdd4a11a064260bbb9d6d7b,0.923317
95a37fbd9d724d448e13f4ffabbe0274,93dc50abd35349f7923100dca2f41002,0.991005
95a37fbd9d724d448e13f4ffabbe0274,eee7f32249c5452ea36c8ed3a3540010,0.891685
95a37fbd9d724d448e13f4ffabbe0274,1aaf8edc37ea412b85e3d1b5c5317051,0.868965
95a37fbd9d724d448e13f4ffabbe0274,ce4fdd5499f8498793c11e586f7da70c,0.865524
95a37fbd9d724d448e13f4ffabbe0274,da61d9bc8f024a4aba18d5c3072b7838,0.840517
e365a82950b3437a9ffd8bbebb0713a8,93dc50abd35349f7923100dca2f41002,0.987910
e365a82950b3437a9ffd8bbebb0713a8,eee7f32249c5452ea36c8ed3a3540010,0.887205
e365a82950b3437a9ffd8bbebb0713a8,1aaf8edc37ea412b85e3d1b5c5317051,0.865658
e365a82950b3437a9ffd8bbebb0713a8,ce4fdd5499f8498793c11e586f7da70c,0.861466
5fe3bf5786b54f9f8d85861573fc9d2f,a0b4d283f12a407286dbeaa3a4d128a5,0.986923
5fe3bf5786b54f9f8d85861573fc9d2f,6fc7a2cf0684475a82f6ff9be2c8e850,0.869090
be8193e46ed74126aa2fa3bd4d20feb7,4e4495962a9b4864882397042f1a2b3e,0.936454
be8193e46ed74126aa2fa3bd4d20feb7,8683a3ad55d84a78834fabe20cde5269,0.931864
be8193e46ed74126aa2fa3bd4d20feb7,78809cb3c6b841a9b8b132133dd6bb96,0.894193
e0e982cb170f440b970c9d9d1946f9dd,78809cb3c6b841a9b8b132133dd6bb96,0.969794
e0e982cb170f440b970c9d9d1946f9dd,4e4495962a9b4864882397042f1a2b3e,0.926302
e0e982cb170f440b970c9d9d1946f9dd,8683a3ad55d84a78834fabe20cde5269,0.888253
e0249c6a39824516a1c3d7d3d47dfde9,4e4495962a9b4864882397042f1a2b3e,0.963462
e0249c6a39824516a1c3d7d3d47dfde9,8683a3ad55d84a78834fabe20cde5269,0.928738
e0249c6a39824516a1c3d7d3d47dfde9,78809cb3c6b841a9b8b132133dd6bb96,0.915617
1c0381823ed0499e8e96e4cfd8b9a64a,ff51ca928cd54f4da620c27983e221f8,0.924347
2282d8cf50554304ab195b1a53c7d9f3,6dc5832f0ac04df2bd99c6415b3ecf09,0.953372
c4f8a865ba2744e0b7c4701468c16ca4,6dc5832f0ac04df2bd99c6415b3ecf09,0.896331
2f5d7dabbac54943ab9522573ada0736,15b7b988bba143989cfd98d5c6c4d203,0.857632
2f5d7dabbac54943ab9522573ada0736,db2466dc7da64ac5a2a21c20ace67856,0.843067
3d2b131349684742968cd2b214a13f76,590df34aa41f46e9ad13ffc6a98da3b7,0.985987
317db6fcd5d1443fb6271acc6ec8fe3e,590df34aa41f46e9ad13ffc6a98da3b7,0.992117
b0553ed82597421aabe852652c5915d7,d53fa54d5536463ab0d87648dfc5fd78,0.960011
8c59bfc1aa7b42cf882806e395ee4fec,d53fa54d5536463ab0d87648dfc5fd78,0.976357
deb7d97e50b24c63943a8af997d083f8,ec07b4e88bea4086a5eafed96d81edb5,0.992344
deb7d97e50b24c63943a8af997d083f8,174581fc299840e18e827432c0cce4dc,0.880555
8ffc24d118e54740a39563141f642fd9,ec07b4e88bea4086a5eafed96d81edb5,0.985309
8ffc24d118e54740a39563141f642fd9,174581fc299840e18e827432c0cce4dc,0.888241
ff75e5d8a9bb46c9b12855ec33529f3f,174581fc299840e18e827432c0cce4dc,0.912034
c2b4fed7ce5c4e108721e62f2bfbb819,33b5e2ae5ebe4f548bac3a00ab0a59eb,0.985130
c2b4fed7ce5c4e108721e62f2bfbb819,295d0d40791245ff838c73a2aa27d065,0.923465
c2b4fed7ce5c4e108721e62f2bfbb819,6c79712e67b54dd0a11d426a91207939,0.897720
c2b4fed7ce5c4e108721e62f2bfbb819,5363ae1c905d4879a63259de4954702e,0.879545
ab1c9263088b477082ee7d7c6f73b671,33b5e2ae5ebe4f548bac3a00ab0a59eb,0.961080
ab1c9263088b477082ee7d7c6f73b671,295d0d40791245ff838c73a2aa27d065,0.884421
ab1c9263088b477082ee7d7c6f73b671,6c79712e67b54dd0a11d426a91207939,0.847054
54e5b71847024cdaa9fd8a7d3fc3ea03,6c79712e67b54dd0a11d426a91207939,0.985744
54e5b71847024cdaa9fd8a7d3fc3ea03,5363ae1c905d4879a63259de4954702e,0.935756
54e5b71847024cdaa9fd8a7d3fc3ea03,295d0d40791245ff838c73a2aa27d065,0.921442
54e5b71847024cdaa9fd8a7d3fc3ea03,33b5e2ae5ebe4f548bac3a00ab0a59eb,0.883204
f124583fb5cc42aa903308e1b43296de,6c79712e67b54dd0a11d426a91207939,0.986517
f124583fb5cc42aa903308e1b43296de,5363ae1c905d4879a63259de4954702e,0.938426
f124583fb5cc42aa903308e1b43296de,295d0d40791245ff838c73a2aa27d065,0.927447
f124583fb5cc42aa903308e1b43296de,33b5e2ae5ebe4f548bac3a00ab0a59eb,0.887238
d97ddb9bd5c8460ab3b3a13992c1f179,0433768f874042a5b2d2e37ad9deae13,0.989470
d97ddb9bd5c8460ab3b3a13992c1f179,a35d7304347a4f81b1ccfb086956921c,0.893727
d97ddb9bd5c8460ab3b3a13992c1f179,e6afe89ff7bc491193141c057083d8a8,0.870698
d97ddb9bd5c8460ab3b3a13992c1f179,f92d16d3a970487094292439c3e00923,0.856267
3bb97a2804c84688a699e6d6b97b5e9d,e6afe89ff7bc491193141c057083d8a8,0.991868
3bb97a2804c84688a699e6d6b97b5e9d,0433768f874042a5b2d2e37ad9deae13,0.875839
3bb97a2804c84688a699e6d6b97b5e9d,a35d7304347a4f81b1ccfb086956921c,0.850291
929038d5c3ba4b189fc88a3b127ede72,0433768f874042a5b2d2e37ad9deae13,0.990348
929038d5c3ba4b189fc88a3b127ede72,a35d7304347a4f81b1ccfb086956921c,0.895480
929038d5c3ba4b189fc88a3b127ede72,e6afe89ff7bc491193141c057083d8a8,0.882062
929038d5c3ba4b189fc88a3b127ede72,f92d16d3a970487094292439c3e00923,0.853005
1d36cd75ee6a4691965cfc6ebdef6a3e,f92d16d3a970487094292439c3e00923,0.957755
1d36cd75ee6a4691965cfc6ebdef6a3e,b675be39e8ff421aa59811f146da945b,0.928072
1d36cd75ee6a4691965cfc6ebdef6a3e,2f0401170d104b47b0a8f087f69dee88,0.918864
1d36cd75ee6a4691965cfc6ebdef6a3e,a35d7304347a4f81b1ccfb086956921c,0.887965
7baf188fc4ed41ba826b499b6d495286,f92d16d3a970487094292439c3e00923,0.976940
7baf188fc4ed41ba826b499b6d495286,b675be39e8ff421aa59811f146da945b,0.945805
7baf188fc4ed41ba826b499b6d495286,2f0401170d104b47b0a8f087f69dee88,0.945272
7baf188fc4ed41ba826b499b6d495286,a35d7304347a4f81b1ccfb086956921c,0.901742
7baf188fc4ed41ba826b499b6d495286,0433768f874042a5b2d2e37ad9deae13,0.848337
6a314fb4bd0e4c2097e70bd43a81fbb7,797cc520b8c94d9bbef187818ab51647,0.981410
6a314fb4bd0e4c2097e70bd43a81fbb7,87fc1d6a57ea488786caaec8599c3b8b,0.954644
6a314fb4bd0e4c2097e70bd43a81fbb7,714e47cd21e5416f864a4bc938850a72,0.856772
6a314fb4bd0e4c2097e70bd43a81fbb7,a7077a82d2c74518b96fb45e35f6e150,0.855394
9ae6df3c8f2549109316a434d1741a53,797cc520b8c94d9bbef187818ab51647,0.989622
9ae6df3c8f2549109316a434d1741a53,87fc1d6a57ea488786caaec8599c3b8b,0.939548
9ae6df3c8f2549109316a434d1741a53,714e47cd21e5416f864a4bc938850a72,0.863958
9ae6df3c8f2549109316a434d1741a53,a7077a82d2c74518b96fb45e35f6e150,0.859519
2a8e892e4b784abf8fb9fd55fa443335,87fc1d6a57ea488786caaec8599c3b8b,0.984622
2a8e892e4b784abf8fb9fd55fa443335,797cc520b8c94d9bbef187818ab51647,0.943617
1ac66b061b80428b8b3758bc6dfa066b,87fc1d6a57ea488786caaec8599c3b8b,0.972086
1ac66b061b80428b8b3758bc6dfa066b,797cc520b8c94d9bbef187818ab51647,0.943570
1ac66b061b80428b8b3758bc6dfa066b,a7077a82d2c74518b96fb45e35f6e150,0.869497
1ac66b061b80428b8b3758bc6dfa066b,714e47cd21e5416f864a4bc938850a72,0.857601
0d4bb3432ea544988cf3bb308b46c8c8,a297e08effdf4a69a6c4d79a34a0c6ad,0.991923
0d4bb3432ea544988cf3bb308b46c8c8,ee337b5c1ef3431e9c120250bfec4cac,0.866556
2b4cf2ff830e462d96c8cfbcee5669da,a297e08effdf4a69a6c4d79a34a0c6ad,0.992202
2b4cf2ff830e462d96c8cfbcee5669da,ee337b5c1ef3431e9c120250bfec4cac,0.872707
2390c8a3de9e49be9617b01f4f21dfa9,ee337b5c1ef3431e9c120250bfec4cac,0.966616
2390c8a3de9e49be9617b01f4f21dfa9,a297e08effdf4a69a6c4d79a34a0c6ad,0.855432
e37905b36c44400c9dc7bc0c71a6db51,0bd1cce9370a461089e25393086800a8,0.975519
e37905b36c44400c9dc7bc0c71a6db51,6f57d1175ad243edada61643d01fcd54,0.922834
e37905b36c44400c9dc7bc0c71a6db51,7ec1584e9a5b49eab9ef249143d9bb86,0.908862
a9bb430482a1442a958b35a625eecb97,6f57d1175ad243edada61643d01fcd54,0.946258
a9bb430482a1442a958b35a625eecb97,7ec1584e9a5b49eab9ef249143d9bb86,0.928937
a9bb430482a1442a958b35a625eecb97,0bd1cce9370a461089e25393086800a8,0.905363
a9bb430482a1442a958b35a625eecb97,d9ac372330a4446886fa19bac0d19877,0.876031
a9bb430482a1442a958b35a625eecb97,fadf133e0e684a24ac79b5fa9515bac2,0.873454
62c71ed913414a6f9456293a4c566314,0bd1cce9370a461089e25393086800a8,0.985715
62c71ed913414a6f9456293a4c566314,6f57d1175ad243edada61643d01fcd54,0.914616
62c71ed913414a6f9456293a4c566314,7ec1584e9a5b49eab9ef249143d9bb86,0.888571
62c71ed913414a6f9456293a4c566314,fadf133e0e684a24ac79b5fa9515bac2,0.865749
c647312353a84341a92cd4486a8b9c3e,6f57d1175ad243edada61643d01fcd54,0.959554
c647312353a84341a92cd4486a8b9c3e,7ec1584e9a5b49eab9ef249143d9bb86,0.945041
c647312353a84341a92cd4486a8b9c3e,0bd1cce9370a461089e25393086800a8,0.894647
c647312353a84341a92cd4486a8b9c3e,d9ac372330a4446886fa19bac0d19877,0.883931
c647312353a84341a92cd4486a8b9c3e,fadf133e0e684a24ac79b5fa9515bac2,0.868200
cc3afd20f236454a8f3a9ff08992daab,e96fae6d607246b18b8494aabe521036,0.959879
cc3afd20f236454a8f3a9ff08992daab,29088685e31a4d86b60b514e98117361,0.932660
cc3afd20f236454a8f3a9ff08992daab,65e52d14d4d64d4fbad3de6ad319e745,0.892322
1e1ec51c4cb84f3285f79f7aeb252500,65e52d14d4d64d4fbad3de6ad319e745,0.967226
1e1ec51c4cb84f3285f79f7aeb252500,29088685e31a4d86b60b514e98117361,0.918934
1e1ec51c4cb84f3285f79f7aeb252500,e96fae6d607246b18b8494aabe521036,0.886681
082920d4f79f4c5eb2e805b195ac3e89,65e52d14d4d64d4fbad3de6ad319e745,0.946492
082920d4f79f4c5eb2e805b195ac3e89,29088685e31a4d86b60b514e98117361,0.921495
082920d4f79f4c5eb2e805b195ac3e89,e96fae6d607246b18b8494aabe521036,0.889858
759985fc2dc4496abbc7fe23cf71706f,29088685e31a4d86b60b514e98117361,0.950823
759985fc2dc4496abbc7fe23cf71706f,e96fae6d607246b18b8494aabe521036,0.936828
759985fc2dc4496abbc7fe23cf71706f,65e52d14d4d64d4fbad3de6ad319e745,0.882256
a1b386e9b08e402dba0d820140ba1a00,29088685e31a4d86b60b514e98117361,0.956486
a1b386e9b08e402dba0d820140ba1a00,e96fae6d607246b18b8494aabe521036,0.933253
a1b386e9b08e402dba0d820140ba1a00,65e52d14d4d64d4fbad3de6ad319e745,0.905309
0fed5c48002b4dd1b3ce42653a372fe6,cb2e893276894906976593c3edcb3a5f,0.978763
5b5008e2d4f7492abe1ff44e2e3e754b,cb2e893276894906976593c3edcb3a5f,0.980157
8e431e5ca5dd49a8984118e7fb05d12e,2839430464164d5ba00713b42d4d96e4,0.995831
142af56a899c43098ec79a3f762d09b6,2839430464164d5ba00713b42d4d96e4,0.996477
9f14363158ef49309f13b2aa0692d2a9,61d2391e8bc548b6bfa08f1ef2a0c47a,0.969691
ebd3c9006cf5464190f7a5edca24f0ba,61d2391e8bc548b6bfa08f1ef2a0c47a,0.971387
0135e10058cf48aa847fa399f62df6f4,90b560de76b149c09c7cd6efb3f12cfd,0.945655
2e9dbf0f864548ae8bc35b5c0d70934e,b3f8b4bec0164d0e81997b4f5a277e8f,0.969235
2e9dbf0f864548ae8bc35b5c0d70934e,c2a665cec90e46db8d2a74389beb4649,0.913009
2e9dbf0f864548ae8bc35b5c0d70934e,27a67d3e76814297aebf64e03d14c336,0.893764
2e9dbf0f864548ae8bc35b5c0d70934e,52f20bd7eb50430c95f0916727880a1b,0.859604
2e9dbf0f864548ae8bc35b5c0d70934e,e8c8742459dc48a49080bf0e5b3fdee0,0.844844
1db84228548c42318f1a33456931f361,c2a665cec90e46db8d2a74389beb4649,0.983984
1db84228548c42318f1a33456931f361,27a67d3e76814297aebf64e03d14c336,0.923620
1db84228548c42318f1a33456931f361,52f20bd7eb50430c95f0916727880a1b,0.897407
1db84228548c42318f1a33456931f361,b3f8b4bec0164d0e81997b4f5a277e8f,0.893629
1db84228548c42318f1a33456931f361,e8c8742459dc48a49080bf0e5b3fdee0,0.889800
1b5bba6ae5ff4f568094280de0bf2c1b,c2a665cec90e46db8d2a74389beb4649,0.966881
1b5bba6ae5ff4f568094280de0bf2c1b,27a67d3e76814297aebf64e03d14c336,0.926447
1b5bba6ae5ff4f568094280de0bf2c1b,e8c8742459dc48a49080bf0e5b3fdee0,0.910856
1b5bba6ae5ff4f568094280de0bf2c1b,52f20bd7eb50430c95f0916727880a1b,0.901764
1b5bba6ae5ff4f568094280de0bf2c1b,b3f8b4bec0164d0e81997b4f5a277e8f,0.897757
7265c466b8cf411cb462945d3ceb8145,c2a665cec90e46db8d2a74389beb4649,0.899084
7265c466b8cf411cb462945d3ceb8145,b3f8b4bec0164d0e81997b4f5a277e8f,0.887851
7265c466b8cf411cb462945d3ceb8145,27a67d3e76814297aebf64e03d14c336,0.886595
7265c466b8cf411cb462945d3ceb8145,52f20bd7eb50430c95f0916727880a1b,0.857119
7265c466b8cf411cb462945d3ceb8145,e8c8742459dc48a49080bf0e5b3fdee0,0.840200
bca392563d0a45d594ce43a0c540b7c9,68aefc97056440af874039a28497cf98,0.979104
bca392563d0a45d594ce43a0c540b7c9,b6da55bea1244cf0a753b258420946b2,0.894265
bca392563d0a45d594ce43a0c540b7c9,86179aff3df24ff59b11e9a34974a3f4,0.859878
bb39e720d9cf4df1a19e4ab20285bf18,86179aff3df24ff59b11e9a34974a3f4,0.993906
bb39e720d9cf4df1a19e4ab20285bf18,b6da55bea1244cf0a753b258420946b2,0.889750
bb39e720d9cf4df1a19e4ab20285bf18,68aefc97056440af874039a28497cf98,0.888734
5c427d65b21d4bf387d1885f334834c7,b6da55bea1244cf0a753b258420946b2,0.992896
5c427d65b21d4bf387d1885f334834c7,68aefc97056440af874039a28497cf98,0.891707
5c427d65b21d4bf387d1885f334834c7,86179aff3df24ff59b11e9a34974a3f4,0.871648
141cab6e49204199a8fb74a74fa8165a,68aefc97056440af874039a28497cf98,0.981641
141cab6e49204199a8fb74a74fa8165a,b6da55bea1244cf0a753b258420946b2,0.896786
141cab6e49204199a8fb74a74fa8165a,86179aff3df24ff59b11e9a34974a3f4,0.875740
7f90d0a672a44046bdf2443f14b82cb9,74bd120b8f714d03bc9dd1a703fe4d7f,0.993461
7f90d0a672a44046bdf2443f14b82cb9,9677dd2a3aae457a8079087ce4177e14,0.941962
06aa6a2cf00d425998b1a815f23a0094,9677dd2a3aae457a8079087ce4177e14,0.964167
06aa6a2cf00d425998b1a815f23a0094,74bd120b8f714d03bc9dd1a703fe4d7f,0.941411
54a2df3aa63a483b8e33322f74c34dbf,9677dd2a3aae457a8079087ce4177e14,0.959987
54a2df3aa63a483b8e33322f74c34dbf,74bd120b8f714d03bc9dd1a703fe4d7f,0.933496
e2d1cdb4f95c4f47bb20f91e77f469f2,74bd120b8f714d03bc9dd1a703fe4d7f,0.964419
e2d1cdb4f95c4f47bb20f91e77f469f2,9677dd2a3aae457a8079087ce4177e14,0.948978
4a483247df4540a9badb4a94f17d7760,6bedb2d6ace34e18811b7f1206b2d1b0,0.890973
4a483247df4540a9badb4a94f17d7760,02641488de414b72b63f62b40200b101,0.887625
ca37d7b02d7542a0bea6535a0d193dbc,6bedb2d6ace34e18811b7f1206b2d1b0,0.983026
ca37d7b02d7542a0bea6535a0d193dbc,02641488de414b72b63f62b40200b101,0.927841
ada916d5f8044eba9ac39c104e27f797,02641488de414b72b63f62b40200b101,0.996756
ada916d5f8044eba9ac39c104e27f797,6bedb2d6ace34e18811b7f1206b2d1b0,0.931359
985e9b4be1fa45b19b48cbd6b1d37764,02641488de414b72b63f62b40200b101,0.993708
985e9b4be1fa45b19b48cbd6b1d37764,6bedb2d6ace34e18811b7f1206b2d1b0,0.939646
7b7e0d3f38a3435a83b8d6fb5aba99ba,f6061b71031b4ddb9384f86c103690a4,0.976010
7b7e0d3f38a3435a83b8d6fb5aba99ba,5cf392f15360460bae6a6b0182bb99b9,0.926072
7b7e0d3f38a3435a83b8d6fb5aba99ba,812a1568c77d46e695f8eb7357e24a0e,0.898279
acbc17523c034d799301828aef6ae58f,812a1568c77d46e695f8eb7357e24a0e,0.939027
acbc17523c034d799301828aef6ae58f,f6061b71031b4ddb9384f86c103690a4,0.897759
acbc17523c034d799301828aef6ae58f,5cf392f15360460bae6a6b0182bb99b9,0.897301
68f05d38644e4af6a8b6cb1bef20c57a,f6061b71031b4ddb9384f86c103690a4,0.950220
68f05d38644e4af6a8b6cb1bef20c57a,5cf392f15360460bae6a6b0182bb99b9,0.887710
68f05d38644e4af6a8b6cb1bef20c57a,812a1568c77d46e695f8eb7357e24a0e,0.876136
e34f7090730d4eaa871618aa8bb5627d,5cf392f15360460bae6a6b0182bb99b9,0.959250
e34f7090730d4eaa871618aa8bb5627d,f6061b71031b4ddb9384f86c103690a4,0.933693
e34f7090730d4eaa871618aa8bb5627d,812a1568c77d46e695f8eb7357e24a0e,0.914029
aff084577eae48fca44757575b1848bc,812a1568c77d46e695f8eb7357e24a0e,0.973366
aff084577eae48fca44757575b1848bc,5cf392f15360460bae6a6b0182bb99b9,0.917256
aff084577eae48fca44757575b1848bc,f6061b71031b4ddb9384f86c103690a4,0.910475
f4763c7dac494231ae593878b63b4961,eff24b01b2f5428baa4c3fef6cb40d41,0.986716
adabb6bfc633432cab9ab674c1e0f975,01bbbf1caa554d94b5decb69cc1add41,0.985938
f9d7f4db082c4389a2bdcc19d6d92cba,01bbbf1caa554d94b5decb69cc1add41,0.977554
32ae3069da404e6f843cbd95fa018a71,eff24b01b2f5428baa4c3fef6cb40d41,0.988245
605d42bbb0154c76b70114f63b807951,30c71719aed84c07ae21d0eff0deed72,0.946561
605d42bbb0154c76b70114f63b807951,8889c114b071429cbe2418f5b0f2024b,0.921381
605d42bbb0154c76b70114f63b807951,57bcda73abab44ee930b20cdaee9d24b,0.847044
19805d9c7c944703bb05511bc3145812,30c71719aed84c07ae21d0eff0deed72,0.989439
19805d9c7c944703bb05511bc3145812,8889c114b071429cbe2418f5b0f2024b,0.916589
4ed65c954d584e13a9e98e27808e0c6a,a94cb58f1ca8456b96e39b5b1ebfb7ea,0.911155
9d58ebfc8b864b49a9c970a667fff950,30c71719aed84c07ae21d0eff0deed72,0.994902
9d58ebfc8b864b49a9c970a667fff950,8889c114b071429cbe2418f5b0f2024b,0.911503
5e1395d13dc84b8abd6f0452e25b3a7f,8889c114b071429cbe2418f5b0f2024b,0.960623
5e1395d13dc84b8abd6f0452e25b3a7f,30c71719aed84c07ae21d0eff0deed72,0.922772
df7a79cf083f40ca846761b9760fc72f,e343a998f4df4ac195c84e0fb571a393,0.993551
489108f0d3474ebb97eeace77d5bcece,e343a998f4df4ac195c84e0fb571a393,0.973601
9cd6d1191c914787875042fd76df0c35,8746ae2ca7514699b629b4d9b5fe95a7,0.988820
9cd6d1191c914787875042fd76df0c35,408ae6a767874fc782467ec2f054ad15,0.944736
9cd6d1191c914787875042fd76df0c35,70aa10580bfe4069bdaa5721ae2d29db,0.922989
9cd6d1191c914787875042fd76df0c35,a0408a6462b24cf18e50a8616359d5ad,0.902628
9cd6d1191c914787875042fd76df0c35,4c36aafaf38f4e9e9e09991737196fe1,0.889769
9cd6d1191c914787875042fd76df0c35,54e9bbd0093947a3bda5fef48ef7493d,0.864265
77f7e4ffce974b33ab54c80177a1c9c0,a0408a6462b24cf18e50a8616359d5ad,0.986658
77f7e4ffce974b33ab54c80177a1c9c0,8746ae2ca7514699b629b4d9b5fe95a7,0.913464
77f7e4ffce974b33ab54c80177a1c9c0,408ae6a767874fc782467ec2f054ad15,0.895351
77f7e4ffce974b33ab54c80177a1c9c0,70aa10580bfe4069bdaa5721ae2d29db,0.864019
77f7e4ffce974b33ab54c80177a1c9c0,4c36aafaf38f4e9e9e09991737196fe1,0.858529
77f7e4ffce974b33ab54c80177a1c9c0,878e5c41be5c477e9f660ca361fdd727,0.848724
77f7e4ffce974b33ab54c80177a1c9c0,54e9bbd0093947a3bda5fef48ef7493d,0.842120
27af2d56825b4ded843852cb1cbe3494,8746ae2ca7514699b629b4d9b5fe95a7,0.961589
27af2d56825b4ded843852cb1cbe3494,408ae6a767874fc782467ec2f054ad15,0.914799
27af2d56825b4ded843852cb1cbe3494,a0408a6462b24cf18e50a8616359d5ad,0.888015
27af2d56825b4ded843852cb1cbe3494,70aa10580bfe4069bdaa5721ae2d29db,0.883873
27af2d56825b4ded843852cb1cbe3494,4c36aafaf38f4e9e9e09991737196fe1,0.854009
27af2d56825b4ded843852cb1cbe3494,54e9bbd0093947a3bda5fef48ef7493d,0.840622
7a09c2cc2bcd4fbb8b083d6f02a88232,a0408a6462b24cf18e50a8616359d5ad,0.939161
7a09c2cc2bcd4fbb8b083d6f02a88232,408ae6a767874fc782467ec2f054ad15,0.883110
7a09c2cc2bcd4fbb8b083d6f02a88232,8746ae2ca7514699b629b4d9b5fe95a7,0.871904
7a09c2cc2bcd4fbb8b083d6f02a88232,4c36aafaf38f4e9e9e09991737196fe1,0.861446
7d8239bb435749bdaaba93674e4c0b98,632cc2bc04034dd4848855fe6497262d,0.914799
7d8239bb435749bdaaba93674e4c0b98,f8856799293e49feab6368e794eb8b00,0.899163
7d8239bb435749bdaaba93674e4c0b98,91f9f8576e5142a49926bd623b0bc19c,0.875713
ae918c8fd007427fbc53dbaff23eddbe,f8856799293e49feab6368e794eb8b00,0.909532
ae918c8fd007427fbc53dbaff23eddbe,632cc2bc04034dd4848855fe6497262d,0.902591
ae918c8fd007427fbc53dbaff23eddbe,91f9f8576e5142a49926bd623b0bc19c,0.872303
b30bc5f593ba46bc8b6fa26692576484,babbeca1f6a244a2a11ea77a3855e70f,0.983893
b30bc5f593ba46bc8b6fa26692576484,a9573f188204436090fb4a5240e4eccd,0.883325
8b8fe37d85da4a28a5c27452a42435e6,0b57f893483647c3aed811775a4c4c04,0.930045
8b8fe37d85da4a28a5c27452a42435e6,ba8d0208e32e42969bd4349cf24f6ed1,0.914275
8b8fe37d85da4a28a5c27452a42435e6,4d5cbe57c3094d01843e4f950a280b50,0.901349
8b8fe37d85da4a28a5c27452a42435e6,f7f600880b064920ab59b907d26aedc6,0.896123
8b8fe37d85da4a28a5c27452a42435e6,f8e7f9688fd546829da579434180ffee,0.882554
8b8fe37d85da4a28a5c27452a42435e6,2070754bb5dd4a248be9c2a6a1a9d381,0.878669
8b8fe37d85da4a28a5c27452a42435e6,da14e9dc2c3d4963b725de8102de5028,0.874959
8b8fe37d85da4a28a5c27452a42435e6,d9096650c434432c871effeca9acd5c6,0.871895
8b8fe37d85da4a28a5c27452a42435e6,baad022010b44fad8d8410869d909fd1,0.860130
8b8fe37d85da4a28a5c27452a42435e6,f2cfa68a47ce4a43a0fe1cc7dc860418,0.852838
a222b9dea1384b57ad0fae45ff950737,0b57f893483647c3aed811775a4c4c04,0.975862
a222b9dea1384b57ad0fae45ff950737,ba8d0208e32e42969bd4349cf24f6ed1,0.924833
a222b9dea1384b57ad0fae45ff950737,d9096650c434432c871effeca9acd5c6,0.911717
a222b9dea1384b57ad0fae45ff950737,4d5cbe57c3094d01843e4f950a280b50,0.881326
a222b9dea1384b57ad0fae45ff950737,2070754bb5dd4a248be9c2a6a1a9d381,0.877419
a222b9dea1384b57ad0fae45ff950737,f8e7f9688fd546829da579434180ffee,0.871350
a222b9dea1384b57ad0fae45ff950737,da14e9dc2c3d4963b725de8102de5028,0.871088
a222b9dea1384b57ad0fae45ff950737,f7f600880b064920ab59b907d26aedc6,0.865532
a222b9dea1384b57ad0fae45ff950737,f2cfa68a47ce4a43a0fe1cc7dc860418,0.850733
a222b9dea1384b57ad0fae45ff950737,baad022010b44fad8d8410869d909fd1,0.842958
043d64050fe145349300b95379966923,2070754bb5dd4a248be9c2a6a1a9d381,0.982718
043d64050fe145349300b95379966923,f2cfa68a47ce4a43a0fe1cc7dc860418,0.937714
043d64050fe145349300b95379966923,da14e9dc2c3d4963b725de8102de5028,0.905689
043d64050fe145349300b95379966923,baad022010b44fad8d8410869d909fd1,0.900192
043d64050fe145349300b95379966923,4d5cbe57c3094d01843e4f950a280b50,0.893530
043d64050fe145349300b95379966923,f8e7f9688fd546829da579434180ffee,0.891679
043d64050fe145349300b95379966923,a055f8188384479a8bad418f7dffd9a5,0.886746
043d64050fe145349300b95379966923,ba8d0208e32e42969bd4349cf24f6ed1,0.873684
043d64050fe145349300b95379966923,f7f600880b064920ab59b907d26aedc6,0.846224
ab8935721e0240089dafee6f408c220a,a055f8188384479a8bad418f7dffd9a5,0.919148
ab8935721e0240089dafee6f408c220a,da14e9dc2c3d4963b725de8102de5028,0.917517
ab8935721e0240089dafee6f408c220a,ba8d0208e32e42969bd4349cf24f6ed1,0.903917
ab8935721e0240089dafee6f408c220a,f2cfa68a47ce4a43a0fe1cc7dc860418,0.897710
ab8935721e0240089dafee6f408c220a,f8e7f9688fd546829da579434180ffee,0.895466
ab8935721e0240089dafee6f408c220a,4d5cbe57c3094d01843e4f950a280b50,0.878284
ab8935721e0240089dafee6f408c220a,2070754bb5dd4a248be9c2a6a1a9d381,0.865643
ab8935721e0240089dafee6f408c220a,baad022010b44fad8d8410869d909fd1,0.852620
ab8935721e0240089dafee6f408c220a,f7f600880b064920ab59b907d26aedc6,0.850952
00d0f767535a4289833325887d72e3d2,2070754bb5dd4a248be9c2a6a1a9d381,0.978150
00d0f767535a4289833325887d72e3d2,f2cfa68a47ce4a43a0fe1cc7dc860418,0.932604
00d0f767535a4289833325887d72e3d2,da14e9dc2c3d4963b725de8102de5028,0.901739
00d0f767535a4289833325887d72e3d2,4d5cbe57c3094d01843e4f950a280b50,0.891807
00d0f767535a4289833325887d72e3d2,baad022010b44fad8d8410869d909fd1,0.887193
00d0f767535a4289833325887d72e3d2,f8e7f9688fd546829da579434180ffee,0.884126
00d0f767535a4289833325887d72e3d2,a055f8188384479a8bad418f7dffd9a5,0.879874
00d0f767535a4289833325887d72e3d2,ba8d0208e32e42969bd4349cf24f6ed1,0.868439
1d0c8e601ffb4534a871d984ad842a4f,a055f8188384479a8bad418f7dffd9a5,0.991974
1d0c8e601ffb4534a871d984ad842a4f,f2cfa68a47ce4a43a0fe1cc7dc860418,0.912980
1d0c8e601ffb4534a871d984ad842a4f,da14e9dc2c3d4963b725de8102de5028,0.902254
1d0c8e601ffb4534a871d984ad842a4f,ba8d0208e32e42969bd4349cf24f6ed1,0.883351
1d0c8e601ffb4534a871d984ad842a4f,baad022010b44fad8d8410869d909fd1,0.882942
1d0c8e601ffb4534a871d984ad842a4f,2070754bb5dd4a248be9c2a6a1a9d381,0.881709
1d0c8e601ffb4534a871d984ad842a4f,f8e7f9688fd546829da579434180ffee,0.876970
1d0c8e601ffb4534a871d984ad842a4f,4d5cbe57c3094d01843e4f950a280b50,0.870795
1d0c8e601ffb4534a871d984ad842a4f,f7f600880b064920ab59b907d26aedc6,0.847288
ebd87dca48ae4df38943cc6f9b4f2912,5c8a8b7a59c54b9aa7b7136fd91b5869,0.958442
ebd87dca48ae4df38943cc6f9b4f2912,8fca2e4873e946f7a788af2b846cebd7,0.853933
558c6735b6104bc98ca4b2db381640fe,8fca2e4873e946f7a788af2b846cebd7,0.985529
558c6735b6104bc98ca4b2db381640fe,5c8a8b7a59c54b9aa7b7136fd91b5869,0.898768
6064cb0ed7d64bde866fe6ad42b6ede6,5c8a8b7a59c54b9aa7b7136fd91b5869,0.973197
6064cb0ed7d64bde866fe6ad42b6ede6,8fca2e4873e946f7a788af2b846cebd7,0.877496
cf344978d7a04303b41fa8b37a18c300,8fca2e4873e946f7a788af2b846cebd7,0.992512
cf344978d7a04303b41fa8b37a18c300,5c8a8b7a59c54b9aa7b7136fd91b5869,0.871681
e8f38f28c61d4444ba078fe27ebcbc24,9094e936e13641cc9bfcc7dc1408d86e,0.993724
7a0163f3c4484730b1f7324ebf67cd09,9094e936e13641cc9bfcc7dc1408d86e,0.994642
7a0163f3c4484730b1f7324ebf67cd09,4e7ee74be72a461fa02fa61bee62bdcc,0.842410
4950b6a47e8e44f8bbb0aac7868f4b36,4e7ee74be72a461fa02fa61bee62bdcc,0.977828
4c620d71caf444eb9f723cc29094dcc2,772cb9726861451d9972604da6f65c55,0.985750
4c620d71caf444eb9f723cc29094dcc2,189a3b686ad14c24b5e1a495f76dd239,0.868725
1852c13dfd984c51bfb11e6364bf47ba,189a3b686ad14c24b5e1a495f76dd239,0.991996
1852c13dfd984c51bfb11e6364bf47ba,772cb9726861451d9972604da6f65c55,0.874735
0e088d9c189b42fba49c31c41949bba8,bf789f42ccfc42c5a330a3f6e30ddb83,0.934506
0e088d9c189b42fba49c31c41949bba8,37ae696e40dd42ebb4738722daa3c523,0.921201
46422438d0644a1cb590332f27fe002e,bf789f42ccfc42c5a330a3f6e30ddb83,0.974668
46422438d0644a1cb590332f27fe002e,37ae696e40dd42ebb4738722daa3c523,0.899469
968aaed29a304ba7b1a1990450602307,37ae696e40dd42ebb4738722daa3c523,0.979772
968aaed29a304ba7b1a1990450602307,bf789f42ccfc42c5a330a3f6e30ddb83,0.910278
f3e1733712aa449e916483279ed84027,bf789f42ccfc42c5a330a3f6e30ddb83,0.991894
f3e1733712aa449e916483279ed84027,37ae696e40dd42ebb4738722daa3c523,0.896100
4fa08d976269478fa124bfa62b83982f,66cba49431224a3788f914d6a80165e1,0.991413
4fa08d976269478fa124bfa62b83982f,ee89670285c74e27aa174dadf39fbca7,0.870033
4fa08d976269478fa124bfa62b83982f,e2769c67dadd4c988f7ccf249a998a56,0.844540
d9a90abcdd1d474ba4dc176d544afc6e,66cba49431224a3788f914d6a80165e1,0.995396
d9a90abcdd1d474ba4dc176d544afc6e,ee89670285c74e27aa174dadf39fbca7,0.866718
d9a90abcdd1d474ba4dc176d544afc6e,e2769c67dadd4c988f7ccf249a998a56,0.840922
a340c00c29c84c2e841e61bba8c9b67b,bc13c2b0221744a29a8ddf56aa015df9,0.938890
a340c00c29c84c2e841e61bba8c9b67b,99a52c93a3304ec18dab9206f98f2a8b,0.922401
a340c00c29c84c2e841e61bba8c9b67b,89e983dca0a34b768e17b3871b9cea1e,0.861225
a340c00c29c84c2e841e61bba8c9b67b,e511c40ca6324803b5021e47b4e777f8,0.860483
a340c00c29c84c2e841e61bba8c9b67b,b40d3c588ad647ff85e397a6bc5f9d8b,0.842431
ee8c72e038f140a5bc9cb4770711253a,ca0fe2dd97434e2ca7aecc38d4f1fcd9,0.989605
ee8c72e038f140a5bc9cb4770711253a,b40d3c588ad647ff85e397a6bc5f9d8b,0.893921
ee8c72e038f140a5bc9cb4770711253a,89e983dca0a34b768e17b3871b9cea1e,0.889567
ee8c72e038f140a5bc9cb4770711253a,0592b57e490d4206a3f12eb004a0afe0,0.882569
ee8c72e038f140a5bc9cb4770711253a,bc13c2b0221744a29a8ddf56aa015df9,0.875383
ee8c72e038f140a5bc9cb4770711253a,e511c40ca6324803b5021e47b4e777f8,0.862948
ee8c72e038f140a5bc9cb4770711253a,b52468fc0af2435f9ba91939f72bbf6a,0.861088
ee8c72e038f140a5bc9cb4770711253a,9daaefe080b34656a0c7a54d2d6a1713,0.853610
ee8c72e038f140a5bc9cb4770711253a,643fbbdd6b764ba9904a4ee67a86b9fd,0.849295
fcf7329cd9b742bd82f6e3c42cb5139d,bc13c2b0221744a29a8ddf56aa015df9,0.881966
fcf7329cd9b742bd82f6e3c42cb5139d,99a52c93a3304ec18dab9206f98f2a8b,0.877653
1a24459300a447d3a68d04bf7b154891,99a52c93a3304ec18dab9206f98f2a8b,0.985320
1a24459300a447d3a68d04bf7b154891,bc13c2b0221744a29a8ddf56aa015df9,0.930132
1a24459300a447d3a68d04bf7b154891,89e983dca0a34b768e17b3871b9cea1e,0.880045
1a24459300a447d3a68d04bf7b154891,0592b57e490d4206a3f12eb004a0afe0,0.867143
1a24459300a447d3a68d04bf7b154891,b40d3c588ad647ff85e397a6bc5f9d8b,0.866183
1a24459300a447d3a68d04bf7b154891,ad42c467d0fe43dbb328073f9a16bc4d,0.861188
1a24459300a447d3a68d04bf7b154891,b52468fc0af2435f9ba91939f72bbf6a,0.849044
1a24459300a447d3a68d04bf7b154891,9daaefe080b34656a0c7a54d2d6a1713,0.845419
37cd8f1e7c334f42965941e69fac45d7,bc13c2b0221744a29a8ddf56aa015df9,0.894493
37cd8f1e7c334f42965941e69fac45d7,99a52c93a3304ec18dab9206f98f2a8b,0.894283
37cd8f1e7c334f42965941e69fac45d7,89e983dca0a34b768e17b3871b9cea1e,0.871451
37cd8f1e7c334f42965941e69fac45d7,643fbbdd6b764ba9904a4ee67a86b9fd,0.871315
37cd8f1e7c334f42965941e69fac45d7,e511c40ca6324803b5021e47b4e777f8,0.866396
37cd8f1e7c334f42965941e69fac45d7,ca0fe2dd97434e2ca7aecc38d4f1fcd9,0.858102
37cd8f1e7c334f42965941e69fac45d7,b40d3c588ad647ff85e397a6bc5f9d8b,0.854462
37cd8f1e7c334f42965941e69fac45d7,b52468fc0af2435f9ba91939f72bbf6a,0.849544
e6c222899c8948ca8776d43041023512,b77d8b7bb0114c379139d280a9210e83,0.990465
e6c222899c8948ca8776d43041023512,6c874292dbcc49ff8bb8bbe5643593a5,0.881871
406a4cc04a7b4bf1bedba252a370170a,6c874292dbcc49ff8bb8bbe5643593a5,0.976230
406a4cc04a7b4bf1bedba252a370170a,b77d8b7bb0114c379139d280a9210e83,0.874790
9536a093de5c454f8107c944fdbc4de0,b77d8b7bb0114c379139d280a9210e83,0.973039
9536a093de5c454f8107c944fdbc4de0,6c874292dbcc49ff8bb8bbe5643593a5,0.868888
ee26c03d830d424ba086d493237a5c76,6c874292dbcc49ff8bb8bbe5643593a5,0.843675
f3ab568e4b5948f9ac5e94ddaf848ef1,051d304b7139431fb3bff19b4e75aff7,0.985197
72711fdab1134c6c884778196c514a78,dbf0926f9f344f1d88b114660db4d2eb,0.976722
b40b5c9909d84456806fed5c7fb41ff3,051d304b7139431fb3bff19b4e75aff7,0.985835
4fd6e570dc5a4e03bbe54c468c9a570c,9909a671f7414c19b2727e7d4d4dcf1b,0.903374
af888c70b0554578b1511b9ccc3a13af,e8f18e4bdf054390a1768978dca8e430,0.891758
47b057e77a1148e08d82607a8ba8b64b,e8f18e4bdf054390a1768978dca8e430,0.967144
d004772f2bcb4290817f8a5eaf8e089e,9909a671f7414c19b2727e7d4d4dcf1b,0.973337
c5cd895ffe7143f7b76b9704dd73a0e1,e8c8742459dc48a49080bf0e5b3fdee0,0.997759
c5cd895ffe7143f7b76b9704dd73a0e1,27a67d3e76814297aebf64e03d14c336,0.920262
c5cd895ffe7143f7b76b9704dd73a0e1,c2a665cec90e46db8d2a74389beb4649,0.861594
c5cd895ffe7143f7b76b9704dd73a0e1,b3f8b4bec0164d0e81997b4f5a277e8f,0.848090
4fdf4fbcd0c942659a768bc44c26e36b,27a67d3e76814297aebf64e03d14c336,0.983170
4fdf4fbcd0c942659a768bc44c26e36b,e8c8742459dc48a49080bf0e5b3fdee0,0.928466
4fdf4fbcd0c942659a768bc44c26e36b,c2a665cec90e46db8d2a74389beb4649,0.895896
4fdf4fbcd0c942659a768bc44c26e36b,52f20bd7eb50430c95f0916727880a1b,0.860539
4fdf4fbcd0c942659a768bc44c26e36b,b3f8b4bec0164d0e81997b4f5a277e8f,0.859255
e713b8481db84ce48754efe4036cb367,27a67d3e76814297aebf64e03d14c336,0.966900
e713b8481db84ce48754efe4036cb367,e8c8742459dc48a49080bf0e5b3fdee0,0.931378
e713b8481db84ce48754efe4036cb367,c2a665cec90e46db8d2a74389beb4649,0.881349
e713b8481db84ce48754efe4036cb367,b3f8b4bec0164d0e81997b4f5a277e8f,0.857447
e713b8481db84ce48754efe4036cb367,52f20bd7eb50430c95f0916727880a1b,0.852007
2c6a9ad5618343c3af68eb2b03c705ca,4c293487c809486585d65ed10b2cb1e4,0.985166
2c6a9ad5618343c3af68eb2b03c705ca,67984873125e4a0f9562179c906d1b0f,0.869922
2c6a9ad5618343c3af68eb2b03c705ca,e2769c67dadd4c988f7ccf249a998a56,0.868507
a140cb170b604376817a046b5c07af44,67984873125e4a0f9562179c906d1b0f,0.953898
a140cb170b604376817a046b5c07af44,4c293487c809486585d65ed10b2cb1e4,0.935389
a140cb170b604376817a046b5c07af44,e2769c67dadd4c988f7ccf249a998a56,0.843898
0b381fa026434777872d3b9ac3c227cd,e2769c67dadd4c988f7ccf249a998a56,0.981517
125d9c4bb335433bb1a04d677002207c,664da77d25e74df693eaad44a5e7617f,0.962998
125d9c4bb335433bb1a04d677002207c,59e4dcf2794943b18fb902a6eb475ff8,0.948978
125d9c4bb335433bb1a04d677002207c,03df72bcf3504272a27f4bbaea89118a,0.883482
dc06b2fc4efd4a42ae957e86afc762c4,59e4dcf2794943b18fb902a6eb475ff8,0.992441
dc06b2fc4efd4a42ae957e86afc762c4,664da77d25e74df693eaad44a5e7617f,0.945470
dc06b2fc4efd4a42ae957e86afc762c4,03df72bcf3504272a27f4bbaea89118a,0.872018
ee46cf904fbc4ddfae1da60297817b48,03df72bcf3504272a27f4bbaea89118a,0.987556
ee46cf904fbc4ddfae1da60297817b48,59e4dcf2794943b18fb902a6eb475ff8,0.889610
ee46cf904fbc4ddfae1da60297817b48,664da77d25e74df693eaad44a5e7617f,0.864641
2d078fc2891f4628914aa44ba8603a04,59e4dcf2794943b18fb902a6eb475ff8,0.991133
2d078fc2891f4628914aa44ba8603a04,664da77d25e74df693eaad44a5e7617f,0.948745
2d078fc2891f4628914aa44ba8603a04,03df72bcf3504272a27f4bbaea89118a,0.878931
e394d55c1e79420f832b2aabb8a96d39,03df72bcf3504272a27f4bbaea89118a,0.971607
e394d55c1e79420f832b2aabb8a96d39,59e4dcf2794943b18fb902a6eb475ff8,0.911382
e394d55c1e79420f832b2aabb8a96d39,664da77d25e74df693eaad44a5e7617f,0.900008
946d71a18f264ed887f55c1a9a2ffc4d,26b18153216b48d793b75598ddb54d77,0.988824
946d71a18f264ed887f55c1a9a2ffc4d,4a7fa5a1bafe4b6995e2920444ac07c4,0.931750
946d71a18f264ed887f55c1a9a2ffc4d,e88ce4cd350f43398a5c0ab8629cee72,0.895067
946d71a18f264ed887f55c1a9a2ffc4d,7bbe3c76bcc04d73969f920d43fcc67d,0.893986
946d71a18f264ed887f55c1a9a2ffc4d,b4dadb3ea3a04cc3932094471debce13,0.884345
e89b67fc618f4ccc84877eb31c645e09,26b18153216b48d793b75598ddb54d77,0.990009
e89b67fc618f4ccc84877eb31c645e09,4a7fa5a1bafe4b6995e2920444ac07c4,0.930616
e89b67fc618f4ccc84877eb31c645e09,e88ce4cd350f43398a5c0ab8629cee72,0.902628
e89b67fc618f4ccc84877eb31c645e09,7bbe3c76bcc04d73969f920d43fcc67d,0.896783
e89b67fc618f4ccc84877eb31c645e09,b4dadb3ea3a04cc3932094471debce13,0.881393
bc267c43ca1f44febd9e7093727ef543,4a7fa5a1bafe4b6995e2920444ac07c4,0.977229
bc267c43ca1f44febd9e7093727ef543,26b18153216b48d793b75598ddb54d77,0.920148
bc267c43ca1f44febd9e7093727ef543,b4dadb3ea3a04cc3932094471debce13,0.894699
bc267c43ca1f44febd9e7093727ef543,7bbe3c76bcc04d73969f920d43fcc67d,0.886478
bc267c43ca1f44febd9e7093727ef543,e88ce4cd350f43398a5c0ab8629cee72,0.884018
01ac8202a1f44b648edeaa48d9b3be1c,4a7fa5a1bafe4b6995e2920444ac07c4,0.990149
01ac8202a1f44b648edeaa48d9b3be1c,26b18153216b48d793b75598ddb54d77,0.913232
01ac8202a1f44b648edeaa48d9b3be1c,b4dadb3ea3a04cc3932094471debce13,0.899644
01ac8202a1f44b648edeaa48d9b3be1c,7bbe3c76bcc04d73969f920d43fcc67d,0.889215
01ac8202a1f44b648edeaa48d9b3be1c,e88ce4cd350f43398a5c0ab8629cee72,0.879042
3f6590287d024cde9a430ca74bf005c7,8a464aa9e2ee45d0abc7ae6181cd1bda,0.979503
3f6590287d024cde9a430ca74bf005c7,14ca42308d3141fba50b774042144343,0.849116
c293e0f7c0da40049992e9ce791370db,2939ef012c5c4a1b94b49df9469dfb3c,0.966719
30cf83c6a107496a894c8ee50f9b6941,2939ef012c5c4a1b94b49df9469dfb3c,0.964252
0cf92dcb9bc94f0697e76d4ccdd96aea,8a464aa9e2ee45d0abc7ae6181cd1bda,0.985809
0cf92dcb9bc94f0697e76d4ccdd96aea,14ca42308d3141fba50b774042144343,0.895907
0defb2dd1f4e42b8867d78c68c45bf69,14ca42308d3141fba50b774042144343,0.989783
0defb2dd1f4e42b8867d78c68c45bf69,8a464aa9e2ee45d0abc7ae6181cd1bda,0.858425
7e165023b13a4ea89bb41b86336ed275,7f0b453cc8c14156802497f5cbae9d62,0.983907
7e165023b13a4ea89bb41b86336ed275,e59dba65749140f4a1bdaf2695de2fc6,0.909412
7e165023b13a4ea89bb41b86336ed275,673aee19895b4d339ada93213d8874ac,0.907368
7e165023b13a4ea89bb41b86336ed275,b7f5c165ea2242709a2fb71f3a3f1bcb,0.899515
bbd916e845d14857ad0f48dd4693ed85,673aee19895b4d339ada93213d8874ac,0.997784
bbd916e845d14857ad0f48dd4693ed85,7f0b453cc8c14156802497f5cbae9d62,0.923237
bbd916e845d14857ad0f48dd4693ed85,e59dba65749140f4a1bdaf2695de2fc6,0.922950
bbd916e845d14857ad0f48dd4693ed85,b7f5c165ea2242709a2fb71f3a3f1bcb,0.894846
e74837fbb60c42a4a65d86d1568b4649,b7f5c165ea2242709a2fb71f3a3f1bcb,0.980328
e74837fbb60c42a4a65d86d1568b4649,e59dba65749140f4a1bdaf2695de2fc6,0.929729
e74837fbb60c42a4a65d86d1568b4649,7f0b453cc8c14156802497f5cbae9d62,0.882609
e74837fbb60c42a4a65d86d1568b4649,673aee19895b4d339ada93213d8874ac,0.875837
13f2026fed26452685621e4b5e90c497,db2466dc7da64ac5a2a21c20ace67856,0.939302
72772d2296a24491b21db0cf0ffec2cc,4385ac4645b34f3c8a44c4676ebcd8be,0.967113
72772d2296a24491b21db0cf0ffec2cc,15b7b988bba143989cfd98d5c6c4d203,0.902837
3c36c01d06db430891436e7338519629,4385ac4645b34f3c8a44c4676ebcd8be,0.966058
3c36c01d06db430891436e7338519629,15b7b988bba143989cfd98d5c6c4d203,0.894051
27f5e7c9028741ea99cbf424d87b7f8f,15b7b988bba143989cfd98d5c6c4d203,0.982313
27f5e7c9028741ea99cbf424d87b7f8f,4385ac4645b34f3c8a44c4676ebcd8be,0.877230
1ff1f628d46c4fffbf9a44323220d682,b2bcb4d9456c4763a0159ffd1f3660bb,0.951533
1ff1f628d46c4fffbf9a44323220d682,cb2505b30d8a4dc086c353cf94424b6d,0.841375
d12ab20387aa452093121c89f55faef6,cb2505b30d8a4dc086c353cf94424b6d,0.961767
cf7d4b9d3c9c4789b84574f7294511e4,b2bcb4d9456c4763a0159ffd1f3660bb,0.958260
cf7d4b9d3c9c4789b84574f7294511e4,cb2505b30d8a4dc086c353cf94424b6d,0.841681
ebadbbba9888428c97cd7f6f9d614d2b,cb2505b30d8a4dc086c353cf94424b6d,0.958680
3ef127b149d24d42a5b4d73a369daeba,8fdee0611965465eb45387b8c39f4136,0.967769
3ef127b149d24d42a5b4d73a369daeba,059a284910e849efbbc7073b8681409f,0.924842
86cc05a71e4440cba336690dfa0149ac,8fdee0611965465eb45387b8c39f4136,0.965076
86cc05a71e4440cba336690dfa0149ac,059a284910e849efbbc7073b8681409f,0.908419
dda93eeaef8c4891aa99f6851955606e,3aa003c1e31b476e999c3a808a1d5dc6,0.993879
dda93eeaef8c4891aa99f6851955606e,65e30dd62cfa4dccb9ea4d908a9d6fab,0.895349
1c7e49f7fcc1484593f48dc107e63996,65e30dd62cfa4dccb9ea4d908a9d6fab,0.981007
1c7e49f7fcc1484593f48dc107e63996,3aa003c1e31b476e999c3a808a1d5dc6,0.886924
01b3be2b5b2f4891ad053f74f427514b,3aa003c1e31b476e999c3a808a1d5dc6,0.993105
01b3be2b5b2f4891ad053f74f427514b,65e30dd62cfa4dccb9ea4d908a9d6fab,0.900022
6da229c88f574b79a9aa35557565a86e,4230775a9d51448396cacb9061f0e5f9,0.962550
6da229c88f574b79a9aa35557565a86e,bb6ecabbce1b43d997d00d7acdc95193,0.892215
6da229c88f574b79a9aa35557565a86e,fc70a4c2c4834e0eba1a14470f563b03,0.890602
6da229c88f574b79a9aa35557565a86e,afac6ae28fac41dabae96696990c5555,0.860000
692f47ec6a394c83acb7708bfd6c7c96,fc70a4c2c4834e0eba1a14470f563b03,0.990217
692f47ec6a394c83acb7708bfd6c7c96,4230775a9d51448396cacb9061f0e5f9,0.863092
f880dd7555534b77bb131f2d6fa4ab37,4230775a9d51448396cacb9061f0e5f9,0.964405
f880dd7555534b77bb131f2d6fa4ab37,bb6ecabbce1b43d997d00d7acdc95193,0.891603
f880dd7555534b77bb131f2d6fa4ab37,fc70a4c2c4834e0eba1a14470f563b03,0.890605
f880dd7555534b77bb131f2d6fa4ab37,afac6ae28fac41dabae96696990c5555,0.866068
fc88a18e8b6343d3a58e4aab7a84620b,fc70a4c2c4834e0eba1a14470f563b03,0.992731
fc88a18e8b6343d3a58e4aab7a84620b,4230775a9d51448396cacb9061f0e5f9,0.868950
b715f62fa2f14ddeb98cb30d9c54339d,3b7d56c26da14b3a9b1cd52b5b35891b,0.986785
b715f62fa2f14ddeb98cb30d9c54339d,9ffa09a2b9bd4da0ba98fc537ca68802,0.939834
b715f62fa2f14ddeb98cb30d9c54339d,1004b33e3126472faa78e1929ed974e6,0.931413
b715f62fa2f14ddeb98cb30d9c54339d,9aca522158f443fd8a9caaec38ae5e2c,0.917737
b715f62fa2f14ddeb98cb30d9c54339d,f2077addeb6142c8b3540916522126e8,0.898042
b715f62fa2f14ddeb98cb30d9c54339d,0228b1e9e3244da3a727930123ba7bda,0.893667
07cc561ef3f04e93a701b6919ee81175,0228b1e9e3244da3a727930123ba7bda,0.997291
07cc561ef3f04e93a701b6919ee81175,9aca522158f443fd8a9caaec38ae5e2c,0.963492
07cc561ef3f04e93a701b6919ee81175,f2077addeb6142c8b3540916522126e8,0.908536
07cc561ef3f04e93a701b6919ee81175,3b7d56c26da14b3a9b1cd52b5b35891b,0.897099
07cc561ef3f04e93a701b6919ee81175,1004b33e3126472faa78e1929ed974e6,0.889742
07cc561ef3f04e93a701b6919ee81175,c5486d5e31084ee797da0ebdacb17abc,0.886576
07cc561ef3f04e93a701b6919ee81175,9ffa09a2b9bd4da0ba98fc537ca68802,0.859571
cb80f73ab9454fa798342057923edd40,3b7d56c26da14b3a9b1cd52b5b35891b,0.962879
cb80f73ab9454fa798342057923edd40,1004b33e3126472faa78e1929ed974e6,0.917672
cb80f73ab9454fa798342057923edd40,9ffa09a2b9bd4da0ba98fc537ca68802,0.911798
cb80f73ab9454fa798342057923edd40,9aca522158f443fd8a9caaec38ae5e2c,0.908711
cb80f73ab9454fa798342057923edd40,0228b1e9e3244da3a727930123ba7bda,0.884478
cb80f73ab9454fa798342057923edd40,f2077addeb6142c8b3540916522126e8,0.873163
c7fdef440d9345c6b34634ef46754490,415641aa43724ed9bc4710302b77edc3,0.995211
c7fdef440d9345c6b34634ef46754490,f4b7e6e902e344859cb041126b69ce3c,0.934911
f94bc288e76b4781b013d419ca5295b2,f4b7e6e902e344859cb041126b69ce3c,0.989393
f94bc288e76b4781b013d419ca5295b2,415641aa43724ed9bc4710302b77edc3,0.933865
c6a1eb4b8cc74dc0a3d818ef10b1b04e,415641aa43724ed9bc4710302b77edc3,0.970691
c6a1eb4b8cc74dc0a3d818ef10b1b04e,f4b7e6e902e344859cb041126b69ce3c,0.911513
f34c07d2f2ad4b4fb027ab3f4c68bffd,f4b7e6e902e344859cb041126b69ce3c,0.948240
f34c07d2f2ad4b4fb027ab3f4c68bffd,415641aa43724ed9bc4710302b77edc3,0.928954
bd6f2e8af94548da8676de16a6853e69,d87e5facd03b45f9829e8a1cd0fe0190,0.924780
af596599aa804ad2bbe10c2ddf0b3e34,d87e5facd03b45f9829e8a1cd0fe0190,0.901701
680120b1438b42a3acd998a7e00f02ef,d87e5facd03b45f9829e8a1cd0fe0190,0.991350
5d17356d82d74aa3a6e6f979ef1796fd,d87e5facd03b45f9829e8a1cd0fe0190,0.996695
6b3c7ce1b5524d3e98acc2312a661188,d7618b61a65a4bc1a0d0f2cc1bddc448,0.990969
6b3c7ce1b5524d3e98acc2312a661188,a8904adcdd21495f890bc614bfdbf86f,0.929130
6b3c7ce1b5524d3e98acc2312a661188,716a15d66b63424a8068da89e75733b4,0.903914
6b3c7ce1b5524d3e98acc2312a661188,13aca0959cc948cabeee0d7255f55a65,0.843231
d31bba63f0c74cfd9135ddb2ec58f186,716a15d66b63424a8068da89e75733b4,0.991748
d31bba63f0c74cfd9135ddb2ec58f186,a8904adcdd21495f890bc614bfdbf86f,0.957228
d31bba63f0c74cfd9135ddb2ec58f186,d7618b61a65a4bc1a0d0f2cc1bddc448,0.908724
d31bba63f0c74cfd9135ddb2ec58f186,b01fd4d037a84a7aa777e1fc345c73c5,0.899885
d31bba63f0c74cfd9135ddb2ec58f186,8c5f38853679436ba434b6a696e43168,0.898020
d31bba63f0c74cfd9135ddb2ec58f186,afac6ae28fac41dabae96696990c5555,0.867294
d31bba63f0c74cfd9135ddb2ec58f186,13aca0959cc948cabeee0d7255f55a65,0.865256
d31bba63f0c74cfd9135ddb2ec58f186,d37bf09399d848df9a4d880fb097239c,0.861035
d31bba63f0c74cfd9135ddb2ec58f186,bb6ecabbce1b43d997d00d7acdc95193,0.855166
908351dacb5c427f88bd9aa375503388,b64cef9df31c4e92a7b7ecd42f74f396,0.888837
33683cdbfab14a3f8b56e5f75d2b3d00,76e41369a6794714a9fab6968839bfe6,0.985963
33683cdbfab14a3f8b56e5f75d2b3d00,b64cef9df31c4e92a7b7ecd42f74f396,0.863224
cbb9562935ed4ec7b4fbd9c04a1c17c3,76e41369a6794714a9fab6968839bfe6,0.950911
cbb9562935ed4ec7b4fbd9c04a1c17c3,6b4676aba2a746b3ab778315afc8ee82,0.843939
2093ec4e54224ee59a6b3df761f52ad4,b64cef9df31c4e92a7b7ecd42f74f396,0.977121
2093ec4e54224ee59a6b3df761f52ad4,76e41369a6794714a9fab6968839bfe6,0.859633
034598db2c774843ae5b70f89a468dd1,8c7c9eaae41a44a3a4ebe39ce167d300,0.989483
034598db2c774843ae5b70f89a468dd1,b834c0b0c10b471b87ad3f11468de619,0.958661
e1b0c09a4b5745ba87cb45d6b31cc047,b834c0b0c10b471b87ad3f11468de619,0.971939
e1b0c09a4b5745ba87cb45d6b31cc047,8c7c9eaae41a44a3a4ebe39ce167d300,0.960024
2ee4e4c157314893ac1677408acd1e13,8c7c9eaae41a44a3a4ebe39ce167d300,0.989857
2ee4e4c157314893ac1677408acd1e13,b834c0b0c10b471b87ad3f11468de619,0.960446
d2d1bfd6b701442bac97d11e1bcdcbff,b834c0b0c10b471b87ad3f11468de619,0.963995
d2d1bfd6b701442bac97d11e1bcdcbff,8c7c9eaae41a44a3a4ebe39ce167d300,0.960047
6da4af4998924e888bc085da81c883e1,0f785440b29548e1a1968868262fd42e,0.993423
62a839f4213d46759d8133e354ae93a4,0f785440b29548e1a1968868262fd42e,0.988829
f22180d73d204b929c77cc738c93dec8,c36ef11228124c438ed3256c9822b03d,0.964539
b43451e5261643dab9a0627813d31785,7627d5e28ba74cbeaf9225e88a7a44cc,0.941805
b43451e5261643dab9a0627813d31785,7c1126d46a934db6b951d1e98feae327,0.876661
89b4973e66414223af70d8648086e97c,7627d5e28ba74cbeaf9225e88a7a44cc,0.944107
89b4973e66414223af70d8648086e97c,7c1126d46a934db6b951d1e98feae327,0.867411
cca9ed42ea00433984410ed65b0435fb,7c1126d46a934db6b951d1e98feae327,0.961820
cca9ed42ea00433984410ed65b0435fb,7627d5e28ba74cbeaf9225e88a7a44cc,0.854192
ca3ae3f2f83a4b709148933472566ca6,c36ef11228124c438ed3256c9822b03d,0.910301
ca3ae3f2f83a4b709148933472566ca6,7627d5e28ba74cbeaf9225e88a7a44cc,0.853059
77823865299d48ddbce6d7d7e199814f,02a3cd76ce534d188b4d5ac4778bd652,0.986274
77823865299d48ddbce6d7d7e199814f,e2e0c8c96aff4c00896ac6986bbb20c2,0.879942
4a03d80a56a24730b633957fa5195cf5,02a3cd76ce534d188b4d5ac4778bd652,0.989345
4a03d80a56a24730b633957fa5195cf5,e2e0c8c96aff4c00896ac6986bbb20c2,0.883172
ca687051622e4c35823d965df0139509,e2e0c8c96aff4c00896ac6986bbb20c2,0.989643
ca687051622e4c35823d965df0139509,02a3cd76ce534d188b4d5ac4778bd652,0.897598
62cb56b35d3847a2858dee237b0a7f1e,6252aa87531748e5bac5f6c65fc87e14,0.968032
ad43fc3957284bd78e7d7c9aa5ab29c0,f5a9583711fc4ff4a46e85c24886b234,0.985435
ad43fc3957284bd78e7d7c9aa5ab29c0,6252aa87531748e5bac5f6c65fc87e14,0.877927
ad43fc3957284bd78e7d7c9aa5ab29c0,b00b2395b49949508fade89bb3eac98b,0.849141
5871998e8d6c4a9090cdf17915017027,f5a9583711fc4ff4a46e85c24886b234,0.989735
5871998e8d6c4a9090cdf17915017027,6252aa87531748e5bac5f6c65fc87e14,0.863529
5871998e8d6c4a9090cdf17915017027,b00b2395b49949508fade89bb3eac98b,0.852153
102f600a8c1740ac8a06de1b28c5904e,268f8ec9f2734029a8e75857db56ccb3,0.934991
ae0903a7f3be40ce83442e458496fd29,30f654c6e69e48888f9f42dd95ab3c77,0.962305
ae0903a7f3be40ce83442e458496fd29,78d0265d47df4f4cb7153da919763730,0.888088
f9be6242a66b4efabd439a28435cee95,7dd5e88dfdd24cafab2c765939757354,0.981113
f9be6242a66b4efabd439a28435cee95,30f654c6e69e48888f9f42dd95ab3c77,0.864349
f9be6242a66b4efabd439a28435cee95,78d0265d47df4f4cb7153da919763730,0.853752
10ef6812f01b471a8e48fa8e99c81735,268f8ec9f2734029a8e75857db56ccb3,0.872306
fb5376db56af4ab4b8ea6d46d191ad26,225818abe99e45a0bf5b0b3ec30db76b,0.997357
fb5376db56af4ab4b8ea6d46d191ad26,df5ca61304074da1bec8f536ab50baf3,0.953244
fb5376db56af4ab4b8ea6d46d191ad26,cc243eebbb2b44a581745865a60c423a,0.868479
fb5376db56af4ab4b8ea6d46d191ad26,f439b5616ba24b7f82eccfa095a0eff8,0.864584
fb5376db56af4ab4b8ea6d46d191ad26,c756409435634fc48c643a64e73c93ce,0.862971
fb5376db56af4ab4b8ea6d46d191ad26,b9228fdb5f0c413d81cffb51829d95c6,0.858671
a0e60ab432b94ba291505c129ee405df,225818abe99e45a0bf5b0b3ec30db76b,0.993731
a0e60ab432b94ba291505c129ee405df,df5ca61304074da1bec8f536ab50baf3,0.951772
a0e60ab432b94ba291505c129ee405df,cc243eebbb2b44a581745865a60c423a,0.864688
a0e60ab432b94ba291505c129ee405df,f439b5616ba24b7f82eccfa095a0eff8,0.858569
a0e60ab432b94ba291505c129ee405df,c756409435634fc48c643a64e73c93ce,0.848132
a0e60ab432b94ba291505c129ee405df,b9228fdb5f0c413d81cffb51829d95c6,0.841380
0d29840b4f2a46659bf734b51438e6ac,cc243eebbb2b44a581745865a60c423a,0.985512
0d29840b4f2a46659bf734b51438e6ac,f439b5616ba24b7f82eccfa095a0eff8,0.952584
0d29840b4f2a46659bf734b51438e6ac,225818abe99e45a0bf5b0b3ec30db76b,0.880491
0d29840b4f2a46659bf734b51438e6ac,df5ca61304074da1bec8f536ab50baf3,0.852205
0d29840b4f2a46659bf734b51438e6ac,d9ac372330a4446886fa19bac0d19877,0.841734
62865ed38c05470a8919d1070402fa6b,cc243eebbb2b44a581745865a60c423a,0.985346
62865ed38c05470a8919d1070402fa6b,f439b5616ba24b7f82eccfa095a0eff8,0.953512
62865ed38c05470a8919d1070402fa6b,225818abe99e45a0bf5b0b3ec30db76b,0.882775
62865ed38c05470a8919d1070402fa6b,df5ca61304074da1bec8f536ab50baf3,0.857403
62865ed38c05470a8919d1070402fa6b,d9ac372330a4446886fa19bac0d19877,0.846685
09a6f25650ae474385eb70217f8c4843,01ffceddb5b34406a08bb982b424b3cf,0.990936
86e1bd5f53b148b9a9522847363630bf,01ffceddb5b34406a08bb982b424b3cf,0.984734
86e1bd5f53b148b9a9522847363630bf,e4e12f4711fd41e39075e26cc274df45,0.878074
86e1bd5f53b148b9a9522847363630bf,2b3ecf8be2b242f3b8a1e714390749fb,0.870677
aa561064498b402993740579853c84fc,2b3ecf8be2b242f3b8a1e714390749fb,0.969631
aa561064498b402993740579853c84fc,e4e12f4711fd41e39075e26cc274df45,0.910619
de4bd1f38ae04b8da3f5f36bea97276d,e4e12f4711fd41e39075e26cc274df45,0.974862
de4bd1f38ae04b8da3f5f36bea97276d,2b3ecf8be2b242f3b8a1e714390749fb,0.907087
3dc160c26fc64d45a5f1e9756e6b1025,04fa591263664fb0a6868552ebd3590b,0.902227
3dc160c26fc64d45a5f1e9756e6b1025,1419b2c686f44896a0ae2a43e93b5402,0.857622
3dc160c26fc64d45a5f1e9756e6b1025,cdd73e0289aa4e2b87cd14e6ff5bd75e,0.855641
3dc160c26fc64d45a5f1e9756e6b1025,0eb119aabc884795a4768c6d3e677ea1,0.855300
3dc160c26fc64d45a5f1e9756e6b1025,19098957d8c24cab95daa30c2baefd8f,0.851896
f7cfc69b28204d1681a71216a3dafbff,0eb119aabc884795a4768c6d3e677ea1,0.978599
f7cfc69b28204d1681a71216a3dafbff,1419b2c686f44896a0ae2a43e93b5402,0.953039
f7cfc69b28204d1681a71216a3dafbff,04fa591263664fb0a6868552ebd3590b,0.939971
f7cfc69b28204d1681a71216a3dafbff,50a2129b83404b94889a01f4688ebafd,0.908783
f7cfc69b28204d1681a71216a3dafbff,19098957d8c24cab95daa30c2baefd8f,0.877431
f7cfc69b28204d1681a71216a3dafbff,cdd73e0289aa4e2b87cd14e6ff5bd75e,0.850704
7e5d9f74b6724f59ae0911894a898253,04fa591263664fb0a6868552ebd3590b,0.957543
7e5d9f74b6724f59ae0911894a898253,0eb119aabc884795a4768c6d3e677ea1,0.930642
7e5d9f74b6724f59ae0911894a898253,1419b2c686f44896a0ae2a43e93b5402,0.923193
7e5d9f74b6724f59ae0911894a898253,50a2129b83404b94889a01f4688ebafd,0.922982
7e5d9f74b6724f59ae0911894a898253,cdd73e0289aa4e2b87cd14e6ff5bd75e,0.886701
7e5d9f74b6724f59ae0911894a898253,19098957d8c24cab95daa30c2baefd8f,0.878325
966a64e7651f4b2499587effd1600e97,04fa591263664fb0a6868552ebd3590b,0.900838
966a64e7651f4b2499587effd1600e97,0eb119aabc884795a4768c6d3e677ea1,0.859792
966a64e7651f4b2499587effd1600e97,1419b2c686f44896a0ae2a43e93b5402,0.854939
966a64e7651f4b2499587effd1600e97,cdd73e0289aa4e2b87cd14e6ff5bd75e,0.846331
7b04ec5b87214c25bd25268652df3829,9452a2f21f7d4feeb2605d9b6647fc13,0.968256
7b04ec5b87214c25bd25268652df3829,d5ecdd142b544edca1b16ee83a9cf908,0.851433
43fd128c97194d88bbfe7be91fbc67ed,9d09e3cd382c4d0ea0f6f50261e3e4c8,0.967926
8c3f25890eab46379974ac593d629515,6c51b4f57ba0415f994756e944b11cee,0.895546
1dfd4a798f224e88a6b4c2980cb31c82,6c51b4f57ba0415f994756e944b11cee,0.938421
9174a7587e5048ec86bec7afe80e268e,e4fcd30261804b089efa940359057ba2,0.956525
bcfc6cd4aea34c78891a701698ccb953,e4fcd30261804b089efa940359057ba2,0.957102
2a551336cc794909b0a09c92faf75f50,b98519f97e424c1389f5553f0869b15a,0.885431
23e5bf15809d4629abd7ff7c344b1ce0,b98519f97e424c1389f5553f0869b15a,0.944877
f2a05ceedacf47b598b2cd3dbe003966,016e634d566b49c199d07357aae9bf33,0.983036
764c5cb76dcb4650b8b0a50cac981edc,b5f237fefb38465bb6a068c9cf75ba31,0.967132
c50ae9cd7ac5469daf32b2a1a1d81797,b5f237fefb38465bb6a068c9cf75ba31,0.849438
e9801f8810654cacbcd517b25b89767b,016e634d566b49c199d07357aae9bf33,0.976613
f3c68b7ff0f344569399a04bbff5d1da,384f94503bcd4f4c863056ad69f45b43,0.925291
ab0c7be344d7444bb59fb3b065a71c88,384f94503bcd4f4c863056ad69f45b43,0.911156
b136a0d13d7e431a94e54f2a085d5f52,384b14b18c3c43b1a4dc1aa2f661e076,0.977773
210a3e79a4a149179749cd7a5b127f63,384b14b18c3c43b1a4dc1aa2f661e076,0.980063
2071beae14fe435b9e3943e22e8b430b,f6207eb593394ff78e2cb35057477422,0.993367
40eb15fd325c48bea6a7988ce40cc33b,f6207eb593394ff78e2cb35057477422,0.988829
7be90785152d4e01b53aa4b1f3c74097,ef8c056ecb524439a48c881089537951,0.991547
61e3c16563b44edb85bee0caf5de33b0,ef8c056ecb524439a48c881089537951,0.984976
79dc8e29d2a747c793ab1fe11ba6045b,43464ed6733f4642a0b90e7d995a5e40,0.978430
79dc8e29d2a747c793ab1fe11ba6045b,00fb3a55134242769182c520d55681a2,0.926845
dfc436b508974e349cbf602bb7fe9b7a,00fb3a55134242769182c520d55681a2,0.995660
dfc436b508974e349cbf602bb7fe9b7a,43464ed6733f4642a0b90e7d995a5e40,0.921709
dcd99427d6e64ebcb3af1982854aa02c,00fb3a55134242769182c520d55681a2,0.964282
dcd99427d6e64ebcb3af1982854aa02c,43464ed6733f4642a0b90e7d995a5e40,0.900487
c59bf6abbde846999988749ad22b52d3,43464ed6733f4642a0b90e7d995a5e40,0.973450
c59bf6abbde846999988749ad22b52d3,00fb3a55134242769182c520d55681a2,0.928524
a386f6b172a740989c390780b3b856d5,6732de8994744decbb3306c74aaa7882,0.995426
a386f6b172a740989c390780b3b856d5,3e4a54908dde405294869e30a92a7623,0.861095
ad563855246b46adaf5fdeecbfdc081b,3e4a54908dde405294869e30a92a7623,0.906800
ad563855246b46adaf5fdeecbfdc081b,6732de8994744decbb3306c74aaa7882,0.899921
0485db5bb76a491782e78c6e98f4c913,514537782f6549c488a1b932939b4128,0.986970
0485db5bb76a491782e78c6e98f4c913,636c21e19a5845e1b8d69a5fca928030,0.921116
38535cc9165a4684af9a3ee208dccb9a,36ac84a73ad34261ad45cf569edb60af,0.898004
38535cc9165a4684af9a3ee208dccb9a,b2992fe473124dd0b895cf81f59f6db6,0.897064
38535cc9165a4684af9a3ee208dccb9a,67dd23cfd20f46dc82acc82c108a1dc6,0.860154
7812e64c9f5a45dea8c59e366c0a1b2c,67dd23cfd20f46dc82acc82c108a1dc6,0.969735
e0cdf7eb868e4cf28007a946c4dcedcd,36ac84a73ad34261ad45cf569edb60af,0.942719
e0cdf7eb868e4cf28007a946c4dcedcd,67dd23cfd20f46dc82acc82c108a1dc6,0.866462
966272e605644a9783d154f8e2038dbb,36ac84a73ad34261ad45cf569edb60af,0.940710
966272e605644a9783d154f8e2038dbb,67dd23cfd20f46dc82acc82c108a1dc6,0.852282
9fd9ddafbc6c43a9982d0ef0dcbca940,b2992fe473124dd0b895cf81f59f6db6,0.912211
9fd9ddafbc6c43a9982d0ef0dcbca940,36ac84a73ad34261ad45cf569edb60af,0.903283
9fd9ddafbc6c43a9982d0ef0dcbca940,67dd23cfd20f46dc82acc82c108a1dc6,0.867957
4aa3ef7644b6471b805cdbce95bcc6b8,6866efc8987a4ec8b04b7abd28fb5777,0.994230
4aa3ef7644b6471b805cdbce95bcc6b8,ccb62901750b4d13a922fc161b607f83,0.912727
4aa3ef7644b6471b805cdbce95bcc6b8,e12ad1ce8e7940a999b9a4f91a95fab7,0.842199
d19e7fd5a62e4d28bb80ac4eddf34d1c,ccb62901750b4d13a922fc161b607f83,0.985375
d19e7fd5a62e4d28bb80ac4eddf34d1c,6866efc8987a4ec8b04b7abd28fb5777,0.893863
26da5929257a4a70997444abb7ed9998,ccb62901750b4d13a922fc161b607f83,0.933620
26da5929257a4a70997444abb7ed9998,6866efc8987a4ec8b04b7abd28fb5777,0.873564
9538feefe1d84c03874b872ae3f48947,6866efc8987a4ec8b04b7abd28fb5777,0.992108
9538feefe1d84c03874b872ae3f48947,ccb62901750b4d13a922fc161b607f83,0.915209
9538feefe1d84c03874b872ae3f48947,e12ad1ce8e7940a999b9a4f91a95fab7,0.852253
03b02260fc474ab29d5d6a1398847a2a,4285b02dc9164cb9bae36b0566bb42f0,0.988505
03b02260fc474ab29d5d6a1398847a2a,9a500a20b1ff4694acc31339a8d1349e,0.949541
f19622c340af46aabec5a3eebfea35fa,9a500a20b1ff4694acc31339a8d1349e,0.964557
f19622c340af46aabec5a3eebfea35fa,4285b02dc9164cb9bae36b0566bb42f0,0.949766
b2c57f611c954c84ad5bc681d1798dee,4285b02dc9164cb9bae36b0566bb42f0,0.990365
b2c57f611c954c84ad5bc681d1798dee,9a500a20b1ff4694acc31339a8d1349e,0.946133
98e31f0110bd4082b8a9c780c4658d5b,f439b5616ba24b7f82eccfa095a0eff8,0.986865
98e31f0110bd4082b8a9c780c4658d5b,cc243eebbb2b44a581745865a60c423a,0.968634
98e31f0110bd4082b8a9c780c4658d5b,225818abe99e45a0bf5b0b3ec30db76b,0.874297
98e31f0110bd4082b8a9c780c4658d5b,df5ca61304074da1bec8f536ab50baf3,0.857157
ba97c80ce0a5461d938b43cfdc812679,f439b5616ba24b7f82eccfa095a0eff8,0.981488
ba97c80ce0a5461d938b43cfdc812679,cc243eebbb2b44a581745865a60c423a,0.963896
ba97c80ce0a5461d938b43cfdc812679,225818abe99e45a0bf5b0b3ec30db76b,0.872661
ba97c80ce0a5461d938b43cfdc812679,df5ca61304074da1bec8f536ab50baf3,0.849103
eef39c9128b1421cb4e7b9c83fee0c82,df5ca61304074da1bec8f536ab50baf3,0.986754
eef39c9128b1421cb4e7b9c83fee0c82,225818abe99e45a0bf5b0b3ec30db76b,0.951820
eef39c9128b1421cb4e7b9c83fee0c82,b9228fdb5f0c413d81cffb51829d95c6,0.888843
eef39c9128b1421cb4e7b9c83fee0c82,c756409435634fc48c643a64e73c93ce,0.865629
8a738e1a32764f6aa0c264a4a08e2942,df5ca61304074da1bec8f536ab50baf3,0.984700
8a738e1a32764f6aa0c264a4a08e2942,225818abe99e45a0bf5b0b3ec30db76b,0.951014
8a738e1a32764f6aa0c264a4a08e2942,b9228fdb5f0c413d81cffb51829d95c6,0.872374
8a738e1a32764f6aa0c264a4a08e2942,c756409435634fc48c643a64e73c93ce,0.863405
8a738e1a32764f6aa0c264a4a08e2942,f439b5616ba24b7f82eccfa095a0eff8,0.840175
173559035aac478591718da5062ea4e7,5e2f1a45f7174f1aa39a194179985876,0.970295
173559035aac478591718da5062ea4e7,c74557a980e2428a9ffcc245278df692,0.893508
173559035aac478591718da5062ea4e7,7e8a4a43e2f84dbb88e41cb24b3fe79f,0.871596
173559035aac478591718da5062ea4e7,bc607fd6000b43108e49b3d05688fe90,0.847447
6fb705d0d2f04e52b810c48e7fc82a2e,5e2f1a45f7174f1aa39a194179985876,0.974839
6fb705d0d2f04e52b810c48e7fc82a2e,c74557a980e2428a9ffcc245278df692,0.893874
6fb705d0d2f04e52b810c48e7fc82a2e,7e8a4a43e2f84dbb88e41cb24b3fe79f,0.870923
6fb705d0d2f04e52b810c48e7fc82a2e,bc607fd6000b43108e49b3d05688fe90,0.856524
709e314fe2f6437097221a6c9ab0dc69,c74557a980e2428a9ffcc245278df692,0.989511
709e314fe2f6437097221a6c9ab0dc69,5e2f1a45f7174f1aa39a194179985876,0.881542
709e314fe2f6437097221a6c9ab0dc69,bc607fd6000b43108e49b3d05688fe90,0.860411
1d83fbe02659440394a32de73b6c18a3,e9428816b054499298745b742f128f65,0.994490
1d83fbe02659440394a32de73b6c18a3,d60986f4025d443ea58adba0e3d224a1,0.960540
1d83fbe02659440394a32de73b6c18a3,be42a43f5186434db4f2815f768a9991,0.874247
1d83fbe02659440394a32de73b6c18a3,1c2b01416e3943e3b3c575e53c3f1d16,0.852080
3cf470f9d76e42a68e48c748b6c793fb,d60986f4025d443ea58adba0e3d224a1,0.994621
3cf470f9d76e42a68e48c748b6c793fb,e9428816b054499298745b742f128f65,0.962256
3cf470f9d76e42a68e48c748b6c793fb,be42a43f5186434db4f2815f768a9991,0.871779
3cf470f9d76e42a68e48c748b6c793fb,1c2b01416e3943e3b3c575e53c3f1d16,0.849848
168e52d4211e47f9b447e33469c72127,d60986f4025d443ea58adba0e3d224a1,0.997279
168e52d4211e47f9b447e33469c72127,e9428816b054499298745b742f128f65,0.962981
168e52d4211e47f9b447e33469c72127,be42a43f5186434db4f2815f768a9991,0.877895
168e52d4211e47f9b447e33469c72127,1c2b01416e3943e3b3c575e53c3f1d16,0.848663
2cff6320a7ec4c2aafba5c1e3318ddee,d2bcc978e7aa49908919d9fc40138b27,0.939893
abadadc5b9f748f59edd8d3abb4d3a01,d2bcc978e7aa49908919d9fc40138b27,0.950053
2ea6bb0d68e4468e86828a584e75bb42,99830b8da7c24f909914f7bb167f3ea6,0.947696
2ea6bb0d68e4468e86828a584e75bb42,511fe9c8b20b4fda94969745238c9474,0.879569
2ea6bb0d68e4468e86828a584e75bb42,250d411ae270441085be3501b7b55d86,0.867814
983d22fb5ca14e8a9d33f205427d4934,511fe9c8b20b4fda94969745238c9474,0.884189
c601d5a9e45b400ab8ffe8a62cc6dd5b,99830b8da7c24f909914f7bb167f3ea6,0.936306
c601d5a9e45b400ab8ffe8a62cc6dd5b,250d411ae270441085be3501b7b55d86,0.872042
c601d5a9e45b400ab8ffe8a62cc6dd5b,511fe9c8b20b4fda94969745238c9474,0.860235
af9775f02cb64e7a89d41bfd3138d87c,511fe9c8b20b4fda94969745238c9474,0.920865
6e03c908e766447c8bca6c98861b5a60,5363ae1c905d4879a63259de4954702e,0.981066
6e03c908e766447c8bca6c98861b5a60,6c79712e67b54dd0a11d426a91207939,0.942675
6e03c908e766447c8bca6c98861b5a60,295d0d40791245ff838c73a2aa27d065,0.926365
6e03c908e766447c8bca6c98861b5a60,33b5e2ae5ebe4f548bac3a00ab0a59eb,0.874332
44483008955a408db228e36e7af53fdc,295d0d40791245ff838c73a2aa27d065,0.961588
44483008955a408db228e36e7af53fdc,6c79712e67b54dd0a11d426a91207939,0.914476
44483008955a408db228e36e7af53fdc,5363ae1c905d4879a63259de4954702e,0.896773
44483008955a408db228e36e7af53fdc,33b5e2ae5ebe4f548bac3a00ab0a59eb,0.885530
42507e0cf2f146b4a2773c26d941610d,295d0d40791245ff838c73a2aa27d065,0.982430
42507e0cf2f146b4a2773c26d941610d,6c79712e67b54dd0a11d426a91207939,0.918306
42507e0cf2f146b4a2773c26d941610d,33b5e2ae5ebe4f548bac3a00ab0a59eb,0.905908
42507e0cf2f146b4a2773c26d941610d,5363ae1c905d4879a63259de4954702e,0.894954
fdd87abf600a4abaa1d0210384b5076f,6c79712e67b54dd0a11d426a91207939,0.960862
fdd87abf600a4abaa1d0210384b5076f,5363ae1c905d4879a63259de4954702e,0.953612
fdd87abf600a4abaa1d0210384b5076f,295d0d40791245ff838c73a2aa27d065,0.950123
fdd87abf600a4abaa1d0210384b5076f,33b5e2ae5ebe4f548bac3a00ab0a59eb,0.896383
bd2ab791b5d947aebc36dd63a25b782d,f65b6fb5b40a49d1896de7a115469d40,0.971969
f97b6d6044f64e668c6bfa4856de6e2e,f65b6fb5b40a49d1896de7a115469d40,0.964742
f97b6d6044f64e668c6bfa4856de6e2e,a70909d3ce0d4235913b5ce6a138dcce,0.853932
dbdb837b049042bcb0b995828a1463d5,a70909d3ce0d4235913b5ce6a138dcce,0.905141
e4e8bbb77d39441f89e7899ac799567c,a70909d3ce0d4235913b5ce6a138dcce,0.960566
884628be75bf4632adba41416b2dcb2d,b6c493a3666c4db193e86c79faf099ab,0.978345
884628be75bf4632adba41416b2dcb2d,f65b6fb5b40a49d1896de7a115469d40,0.849056
736b602483e04289bedcbe5e6082e394,ad42c467d0fe43dbb328073f9a16bc4d,0.867789
398185f5bc8c44629ec6d92103b2a26e,b52468fc0af2435f9ba91939f72bbf6a,0.992931
398185f5bc8c44629ec6d92103b2a26e,9daaefe080b34656a0c7a54d2d6a1713,0.866259
398185f5bc8c44629ec6d92103b2a26e,b40d3c588ad647ff85e397a6bc5f9d8b,0.853944
398185f5bc8c44629ec6d92103b2a26e,89e983dca0a34b768e17b3871b9cea1e,0.846465
398185f5bc8c44629ec6d92103b2a26e,bc13c2b0221744a29a8ddf56aa015df9,0.844550
398185f5bc8c44629ec6d92103b2a26e,ad42c467d0fe43dbb328073f9a16bc4d,0.840481
7881cf6f764e4853ab524e92060b86db,b585a2970e9f421da236241f603883f2,0.972304
7881cf6f764e4853ab524e92060b86db,eeca68825e2a4bbdaa5ae962998fc33b,0.867013
b5a0c3ca548c404e8f6ce3bddb0642d8,eeca68825e2a4bbdaa5ae962998fc33b,0.973641
b5a0c3ca548c404e8f6ce3bddb0642d8,b585a2970e9f421da236241f603883f2,0.886665
16b427f91adb47be8f9ef97448bf84da,b585a2970e9f421da236241f603883f2,0.937749
16b427f91adb47be8f9ef97448bf84da,eeca68825e2a4bbdaa5ae962998fc33b,0.857799
a9f8715606d84f499a84ad01589fc4b3,eeca68825e2a4bbdaa5ae962998fc33b,0.949423
a9f8715606d84f499a84ad01589fc4b3,b585a2970e9f421da236241f603883f2,0.869570
fd6075f13adb4cdc8540f83b192abddc,2e7836ee5e5144f5b63e6629b969a362,0.979624
b7c34ab8ac2b44a993051b96fadef9cb,2e7836ee5e5144f5b63e6629b969a362,0.981558
5fe5888079644c41b966985f5b572f9c,bdb0d45caa2a4943959f8f501e51132b,0.881563
e850e901ed844eacbf240b4358dadc9a,bdb0d45caa2a4943959f8f501e51132b,0.980342
07a659cb697144d5b174a3c714670fcd,cd764fbfae774d068af7549c648a02c9,0.967148
07a659cb697144d5b174a3c714670fcd,f879b316413f45d2b64bb25e3f45a667,0.917081
1860486ceb1947ea93fe348ae75fe1f2,cd764fbfae774d068af7549c648a02c9,0.987728
1860486ceb1947ea93fe348ae75fe1f2,f879b316413f45d2b64bb25e3f45a667,0.921674
1860486ceb1947ea93fe348ae75fe1f2,3e6a4b65a1004c08a6f3f570cf986c2f,0.865337
40f9434041994e2ca0b5307725fdd4bc,c24e3823376b436c8eb46eaeebbc7718,0.974458
40f9434041994e2ca0b5307725fdd4bc,66f4c650b7ca48f1bc27f9daff8d312a,0.844139
40f9434041994e2ca0b5307725fdd4bc,ee7c00877ae64dac87123a3d75251530,0.842686
75978aae26274d9b926b0b08cc16950a,66f4c650b7ca48f1bc27f9daff8d312a,0.986104
75978aae26274d9b926b0b08cc16950a,ee7c00877ae64dac87123a3d75251530,0.919581
7fb1043e17c142cf8bc1704c263ae9b4,f5d09519cf7647f8a107cd8fadd322e5,0.987992
7fb1043e17c142cf8bc1704c263ae9b4,7ab9086baf99475d8c93862a7dd36344,0.900570
7fb1043e17c142cf8bc1704c263ae9b4,701ac1447f5a414e81156a56c3593a31,0.899818
7fb1043e17c142cf8bc1704c263ae9b4,2b039224b54142d185a406b31fe01de2,0.891251
7fb1043e17c142cf8bc1704c263ae9b4,f879b316413f45d2b64bb25e3f45a667,0.858216
7fb1043e17c142cf8bc1704c263ae9b4,342aaa81ed004635bbf9cbc2592cd7b6,0.845822
13a4af2eb59944b9926a2ceec4e169fa,f879b316413f45d2b64bb25e3f45a667,0.931548
13a4af2eb59944b9926a2ceec4e169fa,cd764fbfae774d068af7549c648a02c9,0.923611
13a4af2eb59944b9926a2ceec4e169fa,3e6a4b65a1004c08a6f3f570cf986c2f,0.863058
13a4af2eb59944b9926a2ceec4e169fa,f5d09519cf7647f8a107cd8fadd322e5,0.848119
7c0b316dd59246b4ba2bbf879d7c9d74,f5d09519cf7647f8a107cd8fadd322e5,0.980038
7c0b316dd59246b4ba2bbf879d7c9d74,701ac1447f5a414e81156a56c3593a31,0.901794
7c0b316dd59246b4ba2bbf879d7c9d74,7ab9086baf99475d8c93862a7dd36344,0.886409
7c0b316dd59246b4ba2bbf879d7c9d74,2b039224b54142d185a406b31fe01de2,0.884666
7c0b316dd59246b4ba2bbf879d7c9d74,f879b316413f45d2b64bb25e3f45a667,0.860173
9adf6404c5364c9da78b1c60e57ed94b,f879b316413f45d2b64bb25e3f45a667,0.929206
9adf6404c5364c9da78b1c60e57ed94b,cd764fbfae774d068af7549c648a02c9,0.905848
9adf6404c5364c9da78b1c60e57ed94b,3e6a4b65a1004c08a6f3f570cf986c2f,0.880334
9adf6404c5364c9da78b1c60e57ed94b,f5d09519cf7647f8a107cd8fadd322e5,0.860000
d1c6d2db55584c7e9425bce6b4029bcb,2fcf4a04d3654ffb9a5c1dfa3799e4f0,0.945622
d1c6d2db55584c7e9425bce6b4029bcb,3bd43a42811048e3b7a7d9740bdb1971,0.918555
6a4118df6def4cfeae3bb62650bcbfe1,2fcf4a04d3654ffb9a5c1dfa3799e4f0,0.985451
6a4118df6def4cfeae3bb62650bcbfe1,3bd43a42811048e3b7a7d9740bdb1971,0.901678
70e2b8adca1a4fae93ba2708abc854fc,2fcf4a04d3654ffb9a5c1dfa3799e4f0,0.955621
70e2b8adca1a4fae93ba2708abc854fc,3bd43a42811048e3b7a7d9740bdb1971,0.930128
70e2b8adca1a4fae93ba2708abc854fc,cb550e5ff4694fe9a19eaa6588cef250,0.846581
a14d78aab651419fbb973ee24df782f0,3bd43a42811048e3b7a7d9740bdb1971,0.923833
a14d78aab651419fbb973ee24df782f0,2fcf4a04d3654ffb9a5c1dfa3799e4f0,0.860161
44b51300330643689a392e7b77ce78b9,d716ea165223433a8d49b93e96989482,0.978058
a59bcbf84ffb47d0abaf3c42791c4eeb,e7ee85dd47ca43eeb2fdcd70b802f0ec,0.984281
a59bcbf84ffb47d0abaf3c42791c4eeb,59f62d35b1ad451397b700b3dad25448,0.906361
a59bcbf84ffb47d0abaf3c42791c4eeb,3766b26b53874893ae48693880e1942c,0.901167
a59bcbf84ffb47d0abaf3c42791c4eeb,6d3b4c95066e4dd8a6ad1c66b1c1ea4f,0.851381
b0133b20a5a9444582fbb510d5158e94,e7ee85dd47ca43eeb2fdcd70b802f0ec,0.956291
b0133b20a5a9444582fbb510d5158e94,3766b26b53874893ae48693880e1942c,0.952724
b0133b20a5a9444582fbb510d5158e94,59f62d35b1ad451397b700b3dad25448,0.946674
b0133b20a5a9444582fbb510d5158e94,6d3b4c95066e4dd8a6ad1c66b1c1ea4f,0.850501
0c4c0aa7638b46729b25d811b58820c2,1f3cf50fe1f947d8a56e02ebca441c4c,0.990509
077ba3ca8b4f4aafa1c3b07a9c81b87f,1f3cf50fe1f947d8a56e02ebca441c4c,0.982488
343fdc468034438c90562b6db6f39797,d756970269e9443fb9bbf645a96aa84e,0.993395
906efceb3d96448092f0c58433b87e1c,d756970269e9443fb9bbf645a96aa84e,0.993268
e1236162007c4212aaf19e0771d4b741,74644c8cc17449cf89379868e7b21398,0.994387
e1236162007c4212aaf19e0771d4b741,f31e9fdffaa642ed98e91b07a30f3a8c,0.900604
00d00578efec48fab535293ac554abc7,74644c8cc17449cf89379868e7b21398,0.994794
00d00578efec48fab535293ac554abc7,f31e9fdffaa642ed98e91b07a30f3a8c,0.902150
cb31998c075d450d95c9b67944dcbd76,13e659415ac84c7a81fc769111d43417,0.965222
b3ebec0b824f4a8a8fb8920f8441b6fd,dee9eddb2eac41bfaf36d3279d43674a,0.971517
4aa0e4f3efc14a9ea0bce80841eb621b,13e659415ac84c7a81fc769111d43417,0.983562
497a54d4f7074270862214aee7e64871,8dfe01febd46475ab5aef97033716ce1,0.988896
497a54d4f7074270862214aee7e64871,daed5458403e49e3aea72f4bcc6dd224,0.895770
497a54d4f7074270862214aee7e64871,f12e9e5805534d719f829332d1ea5d29,0.866928
1916331efe4549b3be624c41a1538927,daed5458403e49e3aea72f4bcc6dd224,0.970896
1916331efe4549b3be624c41a1538927,8dfe01febd46475ab5aef97033716ce1,0.920602
1916331efe4549b3be624c41a1538927,f12e9e5805534d719f829332d1ea5d29,0.840372
5ac53d8e26eb4e318f26ab79a0321759,daed5458403e49e3aea72f4bcc6dd224,0.973414
5ac53d8e26eb4e318f26ab79a0321759,8dfe01febd46475ab5aef97033716ce1,0.906369
5ac53d8e26eb4e318f26ab79a0321759,f1c9c5051bdd4a11a064260bbb9d6d7b,0.846118
5ac53d8e26eb4e318f26ab79a0321759,f12e9e5805534d719f829332d1ea5d29,0.841270
80c9830759ea407a88a5484659289f5d,f1c9c5051bdd4a11a064260bbb9d6d7b,0.954504
80c9830759ea407a88a5484659289f5d,f12e9e5805534d719f829332d1ea5d29,0.870773
80c9830759ea407a88a5484659289f5d,7226603f024c45c6a6e44b00e52e8aad,0.851820
80c9830759ea407a88a5484659289f5d,daed5458403e49e3aea72f4bcc6dd224,0.847736
6d337f44e61147928e64eab798fe3328,f1c9c5051bdd4a11a064260bbb9d6d7b,0.959870
6d337f44e61147928e64eab798fe3328,7226603f024c45c6a6e44b00e52e8aad,0.892335
6d337f44e61147928e64eab798fe3328,f12e9e5805534d719f829332d1ea5d29,0.887417
0cdbb3c4d2ac4c828901f6bd0a6a2b2f,434551fdf9e443ed91679a9557ae6fd5,0.969787
5f108ee31ee841e0a7a9c47cc18206be,4254f6eaaed746bea797c3522036fc12,0.947530
5f108ee31ee841e0a7a9c47cc18206be,434551fdf9e443ed91679a9557ae6fd5,0.844061
747ff46c283a4c069b67ffbf8e5a07cb,434551fdf9e443ed91679a9557ae6fd5,0.939699
8f0d666c50404645b13bfe3e66f42211,b90d74e80c37486eaee89b6fbab13671,0.956408
8f0d666c50404645b13bfe3e66f42211,3cb231e1167e45f9bf5771a4e0074092,0.846230
6ebcf08b1bfb414a81cb644955467ddc,b90d74e80c37486eaee89b6fbab13671,0.987960
6ebcf08b1bfb414a81cb644955467ddc,3cb231e1167e45f9bf5771a4e0074092,0.879727
ba3cf143599441c69bb6e84716c550c1,3cb231e1167e45f9bf5771a4e0074092,0.951626
f9c6d687d22445a3a42bb5ef26f1efb1,4d0a737f396d4a95808085bd1306746c,0.989703
f9c6d687d22445a3a42bb5ef26f1efb1,aedd476072b345e9be46ebd7260e93a6,0.895470
55ff335679e94c7e9136c35ec45ffe08,aedd476072b345e9be46ebd7260e93a6,0.983313
55ff335679e94c7e9136c35ec45ffe08,4d0a737f396d4a95808085bd1306746c,0.876741
2d18983b2c08444f9c28b8ff9d211b4b,4d0a737f396d4a95808085bd1306746c,0.992571
2d18983b2c08444f9c28b8ff9d211b4b,aedd476072b345e9be46ebd7260e93a6,0.895492
3ffce0f5b295425b9e8dcac59218f776,aedd476072b345e9be46ebd7260e93a6,0.963598
3ffce0f5b295425b9e8dcac59218f776,4d0a737f396d4a95808085bd1306746c,0.887370
3ffce0f5b295425b9e8dcac59218f776,797cc520b8c94d9bbef187818ab51647,0.848031
d8a7ca9c214246edb53a05f963f18ae2,7fe9e665bf41491c9788941aa2894a10,0.972852
d8a7ca9c214246edb53a05f963f18ae2,d25e6f2fc8154dd7816f8f7a41bee12b,0.951216
57062952f9e74d028985df841b24f285,d25e6f2fc8154dd7816f8f7a41bee12b,0.984090
57062952f9e74d028985df841b24f285,7fe9e665bf41491c9788941aa2894a10,0.928307
5d12bfa69be74f498b42610ff9736913,d25e6f2fc8154dd7816f8f7a41bee12b,0.977687
5d12bfa69be74f498b42610ff9736913,7fe9e665bf41491c9788941aa2894a10,0.932974
1ac8ca7603544075954a8714e1990e7f,7fe9e665bf41491c9788941aa2894a10,0.983535
1ac8ca7603544075954a8714e1990e7f,d25e6f2fc8154dd7816f8f7a41bee12b,0.954572
5c82142a41eb4fa7a6f77361c5865f55,714e47cd21e5416f864a4bc938850a72,0.988558
5c82142a41eb4fa7a6f77361c5865f55,a7077a82d2c74518b96fb45e35f6e150,0.920009
5c82142a41eb4fa7a6f77361c5865f55,797cc520b8c94d9bbef187818ab51647,0.879735
7c97ff590ca246898e57f4f75c6d9880,714e47cd21e5416f864a4bc938850a72,0.989875
7c97ff590ca246898e57f4f75c6d9880,a7077a82d2c74518b96fb45e35f6e150,0.930028
7c97ff590ca246898e57f4f75c6d9880,797cc520b8c94d9bbef187818ab51647,0.880366
b439e61143bb452198ea7179e6153565,a7077a82d2c74518b96fb45e35f6e150,0.975570
b439e61143bb452198ea7179e6153565,714e47cd21e5416f864a4bc938850a72,0.942948
b439e61143bb452198ea7179e6153565,797cc520b8c94d9bbef187818ab51647,0.879153
fd60a3efb7074ef7b1e3aaf40201c970,a7077a82d2c74518b96fb45e35f6e150,0.977314
fd60a3efb7074ef7b1e3aaf40201c970,714e47cd21e5416f864a4bc938850a72,0.942543
fd60a3efb7074ef7b1e3aaf40201c970,797cc520b8c94d9bbef187818ab51647,0.873824
74279677b01649fe9c9330832c44e188,0daf8d5687b54d158f7f752884c42334,0.977411
74279677b01649fe9c9330832c44e188,bbdf9065122d499d9d8f80ad3e0ef6f3,0.848009
76f1a57141c141cf8c82961ec4686a1c,bbdf9065122d499d9d8f80ad3e0ef6f3,0.887213
9fb4debf99ee489098c330310de8b65d,0daf8d5687b54d158f7f752884c42334,0.958737
22afc0397a0a4324acedfe7a1e698dc5,bbdf9065122d499d9d8f80ad3e0ef6f3,0.973743
22afc0397a0a4324acedfe7a1e698dc5,0daf8d5687b54d158f7f752884c42334,0.879193
8bb786e1ae9e46dbb6ebe4f36bb30022,fc430b7683934be2aba12468b2409bb8,0.975718
8bb786e1ae9e46dbb6ebe4f36bb30022,27a0d24dc1e14b28a1f18456b29c93f1,0.882404
8bb786e1ae9e46dbb6ebe4f36bb30022,e8927e14983a43da900edd926dd35adb,0.874895
afdec97feacc44a4b83541c2e0c7a33e,fc430b7683934be2aba12468b2409bb8,0.991345
afdec97feacc44a4b83541c2e0c7a33e,27a0d24dc1e14b28a1f18456b29c93f1,0.884794
afdec97feacc44a4b83541c2e0c7a33e,e8927e14983a43da900edd926dd35adb,0.883567
8756904ecec04706890eb72f81305ad8,e8927e14983a43da900edd926dd35adb,0.905996
8756904ecec04706890eb72f81305ad8,dbb3fe11ad004895b302a84e7c066fcc,0.902114
8756904ecec04706890eb72f81305ad8,fc430b7683934be2aba12468b2409bb8,0.901564
8756904ecec04706890eb72f81305ad8,27a0d24dc1e14b28a1f18456b29c93f1,0.864767
8b8151048f8d4951a310c33c9a5d2c43,27a0d24dc1e14b28a1f18456b29c93f1,0.929199
8b8151048f8d4951a310c33c9a5d2c43,fc430b7683934be2aba12468b2409bb8,0.909342
8b8151048f8d4951a310c33c9a5d2c43,e8927e14983a43da900edd926dd35adb,0.875115
ef2a80861fc14e18ab15656a8a125c8c,b00b2395b49949508fade89bb3eac98b,0.963735
ef2a80861fc14e18ab15656a8a125c8c,dd9e8283197b473d8ffd502561bdaaec,0.900954
0df6b8fc44a3430782efcbe10851747b,b00b2395b49949508fade89bb3eac98b,0.970198
0df6b8fc44a3430782efcbe10851747b,dd9e8283197b473d8ffd502561bdaaec,0.910357
0df6b8fc44a3430782efcbe10851747b,e86a0aae846a4e44bf967ab4972c977c,0.840758
de8c81d294194b43ba2dcbc36eff8ff8,dd9e8283197b473d8ffd502561bdaaec,0.966045
de8c81d294194b43ba2dcbc36eff8ff8,b00b2395b49949508fade89bb3eac98b,0.864429
de8c81d294194b43ba2dcbc36eff8ff8,a9d82bb43410405ca21b44a5e82e22b6,0.852287
c28da2f21daf4e57ac46e2bac9595e26,dd9e8283197b473d8ffd502561bdaaec,0.976661
c28da2f21daf4e57ac46e2bac9595e26,b00b2395b49949508fade89bb3eac98b,0.890498
c28da2f21daf4e57ac46e2bac9595e26,a9d82bb43410405ca21b44a5e82e22b6,0.857614
c28da2f21daf4e57ac46e2bac9595e26,e4fcd30261804b089efa940359057ba2,0.847993
e12c80d95476447dba9b11c911992609,71d4b4036e594d7399506e6fd9b88063,0.988826
e12c80d95476447dba9b11c911992609,f532294d68604bc2aa9ad8804a8c6d5f,0.854417
7c7d36ea7b1242068efef6a72b998b95,71d4b4036e594d7399506e6fd9b88063,0.990529
7c7d36ea7b1242068efef6a72b998b95,f532294d68604bc2aa9ad8804a8c6d5f,0.860219
b6031a4a73c94a459b6d26c1d8829bd0,f532294d68604bc2aa9ad8804a8c6d5f,0.995568
b6031a4a73c94a459b6d26c1d8829bd0,71d4b4036e594d7399506e6fd9b88063,0.863591
cade21dad7f74878b910ad5e0060d6e4,f532294d68604bc2aa9ad8804a8c6d5f,0.994657
cade21dad7f74878b910ad5e0060d6e4,71d4b4036e594d7399506e6fd9b88063,0.864866
21354b108cee4d5a8ea7b2d1459410d3,8c5f38853679436ba434b6a696e43168,0.990326
21354b108cee4d5a8ea7b2d1459410d3,716a15d66b63424a8068da89e75733b4,0.882548
21354b108cee4d5a8ea7b2d1459410d3,b01fd4d037a84a7aa777e1fc345c73c5,0.879325
21354b108cee4d5a8ea7b2d1459410d3,a8904adcdd21495f890bc614bfdbf86f,0.851777
21354b108cee4d5a8ea7b2d1459410d3,bb6ecabbce1b43d997d00d7acdc95193,0.848779
21354b108cee4d5a8ea7b2d1459410d3,afac6ae28fac41dabae96696990c5555,0.847159
e5265fd04dc84392b38bfe8ab07708b7,8c5f38853679436ba434b6a696e43168,0.998105
e5265fd04dc84392b38bfe8ab07708b7,b01fd4d037a84a7aa777e1fc345c73c5,0.891864
e5265fd04dc84392b38bfe8ab07708b7,716a15d66b63424a8068da89e75733b4,0.889262
e5265fd04dc84392b38bfe8ab07708b7,a8904adcdd21495f890bc614bfdbf86f,0.856937
e5265fd04dc84392b38bfe8ab07708b7,afac6ae28fac41dabae96696990c5555,0.855704
e5265fd04dc84392b38bfe8ab07708b7,bb6ecabbce1b43d997d00d7acdc95193,0.849736
abaa87591059401aa7cacf5863a34f32,1a842f077119475794cc2de48e154374,0.985789
abaa87591059401aa7cacf5863a34f32,88f796c14d184ecfaa5b0109161db259,0.935246
f94a7e7419784d4ebda0ff5f8ef3c9f5,88f796c14d184ecfaa5b0109161db259,0.972849
f94a7e7419784d4ebda0ff5f8ef3c9f5,1a842f077119475794cc2de48e154374,0.916986
cecbc55e0fe942e186be8064a4ad80bf,1a842f077119475794cc2de48e154374,0.970604
cecbc55e0fe942e186be8064a4ad80bf,88f796c14d184ecfaa5b0109161db259,0.934152
80d47a70768e407bb5a1cd495387e011,88f796c14d184ecfaa5b0109161db259,0.884620
80d47a70768e407bb5a1cd495387e011,1a842f077119475794cc2de48e154374,0.860817
d1c3c4008d3a458ca5c2438615c3a113,5e0a2bc284cf4002914ae4e6aaef41e8,0.984640
d1c3c4008d3a458ca5c2438615c3a113,3e923b6e3ceb4901b77c9a18729546eb,0.948860
86bed733c05f41519f76576710fcce05,5e0a2bc284cf4002914ae4e6aaef41e8,0.873371
86bed733c05f41519f76576710fcce05,3e923b6e3ceb4901b77c9a18729546eb,0.871769
cb1eb8a8b7594957b332dec5dc590436,5e0a2bc284cf4002914ae4e6aaef41e8,0.918554
cb1eb8a8b7594957b332dec5dc590436,3e923b6e3ceb4901b77c9a18729546eb,0.906952
7dfc06c380304101bd335775988b2fb2,5e0a2bc284cf4002914ae4e6aaef41e8,0.984051
7dfc06c380304101bd335775988b2fb2,3e923b6e3ceb4901b77c9a18729546eb,0.944331
999934829ec2429b967f27b051da6a53,c2b49382e2f34b1c90013236a5fbaef0,0.955084
ed4102db144043b6952d6cb9acdcc007,022e16490d1949b9ab2fc1de5a837031,0.998819
ed4102db144043b6952d6cb9acdcc007,7c061d36393540b49e20d98086bdb5bd,0.924229
0020ab6d2078440b870ebf4a01c0351f,022e16490d1949b9ab2fc1de5a837031,0.997515
0020ab6d2078440b870ebf4a01c0351f,7c061d36393540b49e20d98086bdb5bd,0.917927
d3fc0aaff9224a678bb3210f1e8767ea,7c061d36393540b49e20d98086bdb5bd,0.993146
d3fc0aaff9224a678bb3210f1e8767ea,022e16490d1949b9ab2fc1de5a837031,0.925811
8b37e7b8f87749c48d81e99c8d376700,7c061d36393540b49e20d98086bdb5bd,0.991597
8b37e7b8f87749c48d81e99c8d376700,022e16490d1949b9ab2fc1de5a837031,0.925395
2e9248c10d1044a2a090d3fa4aa29fe5,91f9f8576e5142a49926bd623b0bc19c,0.973184
2e9248c10d1044a2a090d3fa4aa29fe5,f8856799293e49feab6368e794eb8b00,0.875112
2e9248c10d1044a2a090d3fa4aa29fe5,632cc2bc04034dd4848855fe6497262d,0.855494
8d4f78a13e3e4f569761273ba212d220,a9573f188204436090fb4a5240e4eccd,0.947544
8d4f78a13e3e4f569761273ba212d220,babbeca1f6a244a2a11ea77a3855e70f,0.855875
8d4f78a13e3e4f569761273ba212d220,938147b72e9540da8513910871e0830a,0.840292
5487b0f31d2343fea0caab9f145c7a40,a9573f188204436090fb4a5240e4eccd,0.851687
5487b0f31d2343fea0caab9f145c7a40,938147b72e9540da8513910871e0830a,0.850300
678907f3b26242c9b3555311ee9dbf79,91f9f8576e5142a49926bd623b0bc19c,0.966585
678907f3b26242c9b3555311ee9dbf79,f8856799293e49feab6368e794eb8b00,0.871066
678907f3b26242c9b3555311ee9dbf79,632cc2bc04034dd4848855fe6497262d,0.854630
e69d128634c04bf0aebd7c02e123f5f6,119a6d7b4af3458b951fc1c5ab5e1738,0.982468
2b8cd6d21f1d45bb8ae377278a33d5c6,babbeca1f6a244a2a11ea77a3855e70f,0.855573
73fbb300f6aa425590b0e4d909f7a1ae,119a6d7b4af3458b951fc1c5ab5e1738,0.967760
9d66c66d77b74f5da8cab53f98ae38b0,babbeca1f6a244a2a11ea77a3855e70f,0.878196
56efccc089ce469697f14a0e2751fe90,be8953cc364d46cebbcc2c2da2c348ab,0.944927
56efccc089ce469697f14a0e2751fe90,7584980704ae4617bb27ca162cc9c5db,0.902273
56efccc089ce469697f14a0e2751fe90,5e44915237fc4445b54b037e1c4e29a4,0.892655
56efccc089ce469697f14a0e2751fe90,e06d08ff594a4acbac12edf579743fcf,0.878856
56efccc089ce469697f14a0e2751fe90,4e22dc65beb7450b9260cf27e50919e4,0.856577
e31088791958477299febc77d6975d33,7584980704ae4617bb27ca162cc9c5db,0.994989
e31088791958477299febc77d6975d33,be8953cc364d46cebbcc2c2da2c348ab,0.931997
e31088791958477299febc77d6975d33,e06d08ff594a4acbac12edf579743fcf,0.916621
e31088791958477299febc77d6975d33,5e44915237fc4445b54b037e1c4e29a4,0.902929
e31088791958477299febc77d6975d33,4e22dc65beb7450b9260cf27e50919e4,0.879878
e31088791958477299febc77d6975d33,5fc200cab89346658c9c91cce27e85fe,0.843877
8dfe042169ed4a25b339fab1a8f0f16d,7584980704ae4617bb27ca162cc9c5db,0.992936
8dfe042169ed4a25b339fab1a8f0f16d,be8953cc364d46cebbcc2c2da2c348ab,0.924555
8dfe042169ed4a25b339fab1a8f0f16d,e06d08ff594a4acbac12edf579743fcf,0.918724
8dfe042169ed4a25b339fab1a8f0f16d,5e44915237fc4445b54b037e1c4e29a4,0.902913
8dfe042169ed4a25b339fab1a8f0f16d,4e22dc65beb7450b9260cf27e50919e4,0.883922
8dfe042169ed4a25b339fab1a8f0f16d,5fc200cab89346658c9c91cce27e85fe,0.841218
724bf6d6ea0d432996a6179d83a8742f,be8953cc364d46cebbcc2c2da2c348ab,0.945568
724bf6d6ea0d432996a6179d83a8742f,7584980704ae4617bb27ca162cc9c5db,0.906496
724bf6d6ea0d432996a6179d83a8742f,5e44915237fc4445b54b037e1c4e29a4,0.890969
724bf6d6ea0d432996a6179d83a8742f,e06d08ff594a4acbac12edf579743fcf,0.885735
724bf6d6ea0d432996a6179d83a8742f,4e22dc65beb7450b9260cf27e50919e4,0.850586
5110e733136c4f9e9e3e0388147c41d3,bfd1d441da734aad88cfacdab3ee4059,0.935916
5110e733136c4f9e9e3e0388147c41d3,1ade4365590a4ac7865100d8c791e340,0.864844
d627c1b3e1d84eaf95b43f0b19887946,bfd1d441da734aad88cfacdab3ee4059,0.940068
d627c1b3e1d84eaf95b43f0b19887946,1ade4365590a4ac7865100d8c791e340,0.874227
62f80659cc834d849c6c533c0376e039,1ade4365590a4ac7865100d8c791e340,0.982481
62f80659cc834d849c6c533c0376e039,bfd1d441da734aad88cfacdab3ee4059,0.903801
ed92bb218d234e48ac3d86b2aa76aab3,1ade4365590a4ac7865100d8c791e340,0.990378
ed92bb218d234e48ac3d86b2aa76aab3,bfd1d441da734aad88cfacdab3ee4059,0.911312
ff83f47b54ea45f188b7e4f0e1004b41,910827a15eac4e4b9005d8e46ad71f6e,0.955383
994020e88b914429981fbfe2cfa5e565,910827a15eac4e4b9005d8e46ad71f6e,0.931189
994020e88b914429981fbfe2cfa5e565,a865b8d581b44104afe7c8508e3486f5,0.843441
be1d69a178cf4f6eb0dd17f1c8ddaeec,a865b8d581b44104afe7c8508e3486f5,0.971477
be1d69a178cf4f6eb0dd17f1c8ddaeec,910827a15eac4e4b9005d8e46ad71f6e,0.854152
95430a01e9424f2fb85d7c054d48b095,a865b8d581b44104afe7c8508e3486f5,0.977011
2a4d82a3bc464739aa7001ddadab5941,82d68ea370f8451aa16ea08f4601245c,0.986466
7edf2ee95e36433ab46c330e885c1d39,199647bd1328406c83c5a875154f97d9,0.986454
7edf2ee95e36433ab46c330e885c1d39,82d68ea370f8451aa16ea08f4601245c,0.844098
c471650b1b634a97a2a0fa5c4c193821,82d68ea370f8451aa16ea08f4601245c,0.974324
86595c214b4d48e6bf56a1b3d810b7b4,64fc9fe3c8d5424ebc005e5cf4a608db,0.993000
7e0717d2a2af4dd4ba5e3dd3d3f400a0,64fc9fe3c8d5424ebc005e5cf4a608db,0.991970
5192a81fd8094f908c353ed7b3066200,fb8c2b83e46441c2aaa7c81d3642e2da,0.954912
5192a81fd8094f908c353ed7b3066200,c14e45f5201b4038bdddddb238d888a3,0.918791
5192a81fd8094f908c353ed7b3066200,db0c3a952e454b90aa4a68feb6a50e87,0.906203
5192a81fd8094f908c353ed7b3066200,22d9d5ad33e947fd857c5c4a8b7dfae1,0.865684
19526db7bf344d92961055ab7ef1879f,c14e45f5201b4038bdddddb238d888a3,0.930880
19526db7bf344d92961055ab7ef1879f,fb8c2b83e46441c2aaa7c81d3642e2da,0.858735
19526db7bf344d92961055ab7ef1879f,22d9d5ad33e947fd857c5c4a8b7dfae1,0.842918
19526db7bf344d92961055ab7ef1879f,db0c3a952e454b90aa4a68feb6a50e87,0.842177
85d7d994d8a648c5a59c2973bb1bc507,75efe5ddef364f49865d9bb283492b48,0.978820
85d7d994d8a648c5a59c2973bb1bc507,32aaca2a732f4272b237374d3cdeec90,0.877420
2103b437c3c1452a96d8e7e1e5e20cc9,32aaca2a732f4272b237374d3cdeec90,0.977264
2103b437c3c1452a96d8e7e1e5e20cc9,75efe5ddef364f49865d9bb283492b48,0.844078
21b1c7bbd46b4c41a0df6625bd007760,32aaca2a732f4272b237374d3cdeec90,0.932208
16176b85fa7d4eea8ca712599e1d734c,84ff5144597241bba5cbd3d0b21d220d,0.917455
bf6b8d38a56c4b30b5e752bb54b78f62,84ff5144597241bba5cbd3d0b21d220d,0.960676
b18687f1960d4a13bbb6477d2e14af49,63ba014f9cc747ac87013da6be0ceab9,0.992058
d40db3ad6f6e4cb6ade7fff2ae8e6902,01930613ce7d4a5f90ccf78d1e92a55d,0.991407
14ed0bcfd70f4e29b824ae027aa62fd7,01930613ce7d4a5f90ccf78d1e92a55d,0.982309
8d7604f278b740d4aeacdb8878c4346c,7e190e3c05d74e6b9f103e39142c1684,0.958915
8ec2127576a4485793b9d92153318d43,7e190e3c05d74e6b9f103e39142c1684,0.922800
8ec2127576a4485793b9d92153318d43,17b5eb6fab65476f827dd355b4a20a55,0.840160
626cb3b50e974ad681234aa162f908dc,097c30a7f39a4a3abf6da2ca80cad3a5,0.993403
94f452ef32d5484fb3f57a09817b9f1d,009be1c3430743ff9b054bdfcd6228d6,0.998686
535a28e902f348a580ea213312ceb00c,097c30a7f39a4a3abf6da2ca80cad3a5,0.993681
e15e47a180cc428db81815b4d543f5b2,009be1c3430743ff9b054bdfcd6228d6,0.999093
da51bfb867844c51948b40b82c100086,da61e0de396149208c9ebd0fd6d7415d,0.991243
da51bfb867844c51948b40b82c100086,f5bcc6f48ed2447581b401d453039866,0.957610
da51bfb867844c51948b40b82c100086,530b37164090408dbab4e6da51111b8a,0.922173
da51bfb867844c51948b40b82c100086,095ac293b64a4a58b1b3d3f71453a267,0.905056
ac80730acb08455c893a3d869cfc6da4,da61e0de396149208c9ebd0fd6d7415d,0.978130
ac80730acb08455c893a3d869cfc6da4,f5bcc6f48ed2447581b401d453039866,0.944716
ac80730acb08455c893a3d869cfc6da4,530b37164090408dbab4e6da51111b8a,0.921880
ac80730acb08455c893a3d869cfc6da4,095ac293b64a4a58b1b3d3f71453a267,0.877834
f9840dbad6f34d8dafdf0b5c3bf04cb8,530b37164090408dbab4e6da51111b8a,0.967519
f9840dbad6f34d8dafdf0b5c3bf04cb8,da61e0de396149208c9ebd0fd6d7415d,0.934394
f9840dbad6f34d8dafdf0b5c3bf04cb8,f5bcc6f48ed2447581b401d453039866,0.913621
f9840dbad6f34d8dafdf0b5c3bf04cb8,095ac293b64a4a58b1b3d3f71453a267,0.894074
b5a9253e400f4be2a770d5cc396a168d,291130c42a884be2800e026bab5ddf53,0.961473
7225852aa975430d8fdd288151e7f0b1,291130c42a884be2800e026bab5ddf53,0.916803
a96d696a72654ee6b6dc50fd558310c7,c4e79c8992e54866b0c6f26c55b1a774,0.991719
a96d696a72654ee6b6dc50fd558310c7,291130c42a884be2800e026bab5ddf53,0.862661
37b367fa65f74351b74612f813c76536,c4e79c8992e54866b0c6f26c55b1a774,0.968870
08f68074e69745d0a65e386ce21fddc8,1d93c07de74c482ebf0a76ec564c3252,0.974374
08f68074e69745d0a65e386ce21fddc8,50aa0f56e00d4c23ac78b3e63bc0f0e1,0.930440
68465053fe3d4c0bb46ce2dd5bd8a32b,50aa0f56e00d4c23ac78b3e63bc0f0e1,0.938935
68465053fe3d4c0bb46ce2dd5bd8a32b,1d93c07de74c482ebf0a76ec564c3252,0.912943
893596ad13e54f2daf6287092d79d6ae,50aa0f56e00d4c23ac78b3e63bc0f0e1,0.956700
893596ad13e54f2daf6287092d79d6ae,1d93c07de74c482ebf0a76ec564c3252,0.942553
603dd3df1374474d9bb550bfa01147e6,1d93c07de74c482ebf0a76ec564c3252,0.924148
603dd3df1374474d9bb550bfa01147e6,50aa0f56e00d4c23ac78b3e63bc0f0e1,0.905934
02de17a638f94e98ac7dce22ddde14ee,5c644b51b1394a7b8fa0a9a6275c422d,0.984436
02de17a638f94e98ac7dce22ddde14ee,a2612682d9854a30a7684c91c8619ec9,0.932836
02de17a638f94e98ac7dce22ddde14ee,25afb6f7e9314af09008644bca5955b9,0.867312
902d22a8d96c4f0ab484d880bfc2e287,5c644b51b1394a7b8fa0a9a6275c422d,0.985112
902d22a8d96c4f0ab484d880bfc2e287,a2612682d9854a30a7684c91c8619ec9,0.940711
902d22a8d96c4f0ab484d880bfc2e287,25afb6f7e9314af09008644bca5955b9,0.864641
ae7ab0c6a5a14d8e8586a9699557a7fd,a2612682d9854a30a7684c91c8619ec9,0.992748
ae7ab0c6a5a14d8e8586a9699557a7fd,5c644b51b1394a7b8fa0a9a6275c422d,0.936661
b0bed57573cb454590995348d9c3451b,25afb6f7e9314af09008644bca5955b9,0.992382
b0bed57573cb454590995348d9c3451b,e88ce4cd350f43398a5c0ab8629cee72,0.857576
b0bed57573cb454590995348d9c3451b,5c644b51b1394a7b8fa0a9a6275c422d,0.857360
b0bed57573cb454590995348d9c3451b,b4dadb3ea3a04cc3932094471debce13,0.840425
7599a56ef38f493d9ee1b47c9ae8fb02,25afb6f7e9314af09008644bca5955b9,0.987246
7599a56ef38f493d9ee1b47c9ae8fb02,5c644b51b1394a7b8fa0a9a6275c422d,0.857171
165c7dbc2b894793b9fb4752c3092399,d476be2399b7424a88d242b771c32041,0.871083
5d809a0446e94ce08823b0be4c6e85f3,d476be2399b7424a88d242b771c32041,0.972018
92568b35bd5b40c6860861e28db2deb2,9948a890ef25479e834f70944cb42eae,0.913213
158d18f87a6b42b483a70835afe005fe,9948a890ef25479e834f70944cb42eae,0.978229
0c0e949f7e9b48398fe5eff0d7dd803e,26e55eb4d910464497d700bfdf5a36ca,0.969501
0c0e949f7e9b48398fe5eff0d7dd803e,092cb872c8724c7681c50da9c6cfa252,0.853291
4ea8b345742042fd848e678d308fa183,092cb872c8724c7681c50da9c6cfa252,0.975949
4ea8b345742042fd848e678d308fa183,26e55eb4d910464497d700bfdf5a36ca,0.866796
37bffb22be1b4b25a409e630b58bb3a7,a5d5fb459a1844088e93ae557ab34afe,0.940380
fdff932278894d1885bfbc905009ea46,a5d5fb459a1844088e93ae557ab34afe,0.982387
55c258651d4f46ba879ad04a408ca3f8,092cb872c8724c7681c50da9c6cfa252,0.975475
55c258651d4f46ba879ad04a408ca3f8,26e55eb4d910464497d700bfdf5a36ca,0.875558
173024800a4148a59d834a44d0998dbe,de1102228a324428989533278cd482f6,0.995165
173024800a4148a59d834a44d0998dbe,06b7dd1b701544ac80dd7ca54ed707cf,0.886101
173024800a4148a59d834a44d0998dbe,7070715ef90743da8691dd4ad134eb0c,0.863497
04f607a8dfdb4e6f8c795634b207e615,06b7dd1b701544ac80dd7ca54ed707cf,0.994096
04f607a8dfdb4e6f8c795634b207e615,7070715ef90743da8691dd4ad134eb0c,0.891059
04f607a8dfdb4e6f8c795634b207e615,de1102228a324428989533278cd482f6,0.882035
29b78bc662074f5abb91b5e7ee16deb6,06b7dd1b701544ac80dd7ca54ed707cf,0.934802
29b78bc662074f5abb91b5e7ee16deb6,7070715ef90743da8691dd4ad134eb0c,0.920096
29b78bc662074f5abb91b5e7ee16deb6,de1102228a324428989533278cd482f6,0.847757
bf6af233a7fb4678bde3bcd210972057,06b7dd1b701544ac80dd7ca54ed707cf,0.997538
bf6af233a7fb4678bde3bcd210972057,7070715ef90743da8691dd4ad134eb0c,0.893038
bf6af233a7fb4678bde3bcd210972057,de1102228a324428989533278cd482f6,0.887957
3444cb452c4d4832b75091f5da7012db,06b7dd1b701544ac80dd7ca54ed707cf,0.934243
3444cb452c4d4832b75091f5da7012db,7070715ef90743da8691dd4ad134eb0c,0.908982
8f00737911424dcdbc5360702808b86e,d7c9dafddaf547159d366dacf7b68a7e,0.882038
d7fcb70c976c46d3a977d1bd3acaa7b4,11e1e3cdfe214385a2c24d0f957dde9b,0.912542
d7fcb70c976c46d3a977d1bd3acaa7b4,d7c9dafddaf547159d366dacf7b68a7e,0.881374
a44ce941098b4f6b948eb8588bd09fa7,11e1e3cdfe214385a2c24d0f957dde9b,0.911032
1778aabe52c7435187be3eb1461b918a,11e1e3cdfe214385a2c24d0f957dde9b,0.910473
1778aabe52c7435187be3eb1461b918a,d7c9dafddaf547159d366dacf7b68a7e,0.897808
172e27e7700f4ca399b42d88a4f1c140,1c2b01416e3943e3b3c575e53c3f1d16,0.918717
172e27e7700f4ca399b42d88a4f1c140,18ab15fbf00f42f7a410ec75f7592bea,0.908940
7790838dcafa4412a5fc14b1cf3e7e95,1c2b01416e3943e3b3c575e53c3f1d16,0.940856
7790838dcafa4412a5fc14b1cf3e7e95,18ab15fbf00f42f7a410ec75f7592bea,0.885215
3106ad6941604756bf3bd61f1cd9709b,18ab15fbf00f42f7a410ec75f7592bea,0.980599
a2efa66a925344b8b896a8a0cfbb2661,f464960d2dbc43c0970c60600bd7f1cd,0.915358
e4c0fba56e824b5cb4b6aeb4700f2d76,8f0e477fc779414e9b47995c0b25a87d,0.977744
6242d18df5cd4f5cb63a1105ffbd971e,8f0e477fc779414e9b47995c0b25a87d,0.979053
bc709d8a81a346b5aca36d4ffb49d234,13cda6e8f2d948eeb5508288a172e76f,0.901266
93bbe46e371c44f284f4487aa854a903,20297482a5014732a843c9fdafba548e,0.842410
c900c56e641f49749087f609b8ab6f4b,13cda6e8f2d948eeb5508288a172e76f,0.942960
f747d567755a4d7a83b918fcff6e4b5c,db69f22fe72246ea85d33991961a649a,0.979292
b52c282983934e3699bf0c6b64dc8d7c,db69f22fe72246ea85d33991961a649a,0.981731
b52c282983934e3699bf0c6b64dc8d7c,eeb3b60f34af40de850e065b475d8180,0.846816
cb43fab6f1b147acbb71f39df054f667,0a2c24dead204be9ae36be358e1223f9,0.841136
c0ca3c37cd574f37a90afbcab9554fb9,3b37a4c34b6e4ca89a04da864e141422,0.965934
0520b04de7b946fb84e99b6ae1269a1f,3b37a4c34b6e4ca89a04da864e141422,0.892225
0520b04de7b946fb84e99b6ae1269a1f,0a2c24dead204be9ae36be358e1223f9,0.879789
c7dcc094c48b40fd94db148562b6f0e9,0a2c24dead204be9ae36be358e1223f9,0.955579
ddd81e0cf0bf473caeae21db037c05f3,476ce3ffff564a5aa985808e7d2cab17,0.972465
ddd81e0cf0bf473caeae21db037c05f3,243dbbcdc67c42bfa6f32c47477adf6d,0.898293
c7a7fb2ef38346cab2c63eb4b30f835b,243dbbcdc67c42bfa6f32c47477adf6d,0.974212
c7a7fb2ef38346cab2c63eb4b30f835b,476ce3ffff564a5aa985808e7d2cab17,0.892029
53bb342b2fbb403cbc5546f80ef1cf70,476ce3ffff564a5aa985808e7d2cab17,0.957593
53bb342b2fbb403cbc5546f80ef1cf70,243dbbcdc67c42bfa6f32c47477adf6d,0.854929
320e73d1bf40458380ad0ac60af40a94,243dbbcdc67c42bfa6f32c47477adf6d,0.967914
320e73d1bf40458380ad0ac60af40a94,476ce3ffff564a5aa985808e7d2cab17,0.890625
4a790fe3c73f4c1f9565d50067722fbf,eabdd2813a954f9aa01f0eb8212ee387,0.926648
4a790fe3c73f4c1f9565d50067722fbf,076e2669c305401fb3afcfafdd6c79c7,0.854418
4a790fe3c73f4c1f9565d50067722fbf,5fc200cab89346658c9c91cce27e85fe,0.854369
4a790fe3c73f4c1f9565d50067722fbf,2c8eafa0ff26437a862dc2224ab57073,0.843493
b374c835abb74519904d89a6f4367ea2,d0e41bf891254ba0872f1641139f84f6,0.935805
b374c835abb74519904d89a6f4367ea2,0c889c151e094b948c13b0275e660a9c,0.876189
b374c835abb74519904d89a6f4367ea2,0cdb0f32850f4585a16de4886462bbe0,0.848860
b374c835abb74519904d89a6f4367ea2,076e2669c305401fb3afcfafdd6c79c7,0.844188
358dc33d74d3427697ddadedc1d2a83e,5fc200cab89346658c9c91cce27e85fe,0.986700
358dc33d74d3427697ddadedc1d2a83e,eabdd2813a954f9aa01f0eb8212ee387,0.866783
358dc33d74d3427697ddadedc1d2a83e,5e44915237fc4445b54b037e1c4e29a4,0.865659
358dc33d74d3427697ddadedc1d2a83e,076e2669c305401fb3afcfafdd6c79c7,0.863272
358dc33d74d3427697ddadedc1d2a83e,7584980704ae4617bb27ca162cc9c5db,0.851724
358dc33d74d3427697ddadedc1d2a83e,2c8eafa0ff26437a862dc2224ab57073,0.849608
358dc33d74d3427697ddadedc1d2a83e,6bde760ad5d4485db9889b1bdc074005,0.849532
1840d3d379eb48cc97d68a3c7ece76a0,ef511457ee7c490c8e10eccf6e18fef6,0.983577
1840d3d379eb48cc97d68a3c7ece76a0,04d24d1cf42b4f7787d8d300cbad6d50,0.899275
11c35b811aae4a88b9417172320999bb,74de04f31db94a99b757685c91779412,0.960164
11c35b811aae4a88b9417172320999bb,dd36cc0867b94d55a43b82c1c9a0e95c,0.862341
11c35b811aae4a88b9417172320999bb,ef511457ee7c490c8e10eccf6e18fef6,0.857161
6dbd11275bf1493ca16a6492ba2f511c,ef511457ee7c490c8e10eccf6e18fef6,0.988658
6dbd11275bf1493ca16a6492ba2f511c,04d24d1cf42b4f7787d8d300cbad6d50,0.906239
26f693acd01d492bae2384f853a7924a,74de04f31db94a99b757685c91779412,0.961746
26f693acd01d492bae2384f853a7924a,dd36cc0867b94d55a43b82c1c9a0e95c,0.863014
26f693acd01d492bae2384f853a7924a,ef511457ee7c490c8e10eccf6e18fef6,0.849411
9ec6567a98fa4b3bb0c40f6580f8688e,7199f2fe77824236a392e1f00a5bdfc3,0.973025
9ec6567a98fa4b3bb0c40f6580f8688e,3aaea7fa41fd43cdb88f8ef59062c5df,0.963097
9ec6567a98fa4b3bb0c40f6580f8688e,ff276acede2f4c14876ef47257758ae8,0.957407
9ec6567a98fa4b3bb0c40f6580f8688e,f6507bae2aaa4785842167f8320428b3,0.887383
d16732c065604317b9457f0f53b9e356,3aaea7fa41fd43cdb88f8ef59062c5df,0.980526
d16732c065604317b9457f0f53b9e356,7199f2fe77824236a392e1f00a5bdfc3,0.971701
d16732c065604317b9457f0f53b9e356,ff276acede2f4c14876ef47257758ae8,0.954286
d16732c065604317b9457f0f53b9e356,f6507bae2aaa4785842167f8320428b3,0.890687
805041534e3944d4bf48b927f4e971e1,ff276acede2f4c14876ef47257758ae8,0.974501
805041534e3944d4bf48b927f4e971e1,3aaea7fa41fd43cdb88f8ef59062c5df,0.947839
805041534e3944d4bf48b927f4e971e1,7199f2fe77824236a392e1f00a5bdfc3,0.923873
f25d93d4fff845dbba58d34a9ba4da56,7199f2fe77824236a392e1f00a5bdfc3,0.977284
f25d93d4fff845dbba58d34a9ba4da56,3aaea7fa41fd43cdb88f8ef59062c5df,0.954533
f25d93d4fff845dbba58d34a9ba4da56,ff276acede2f4c14876ef47257758ae8,0.945830
f25d93d4fff845dbba58d34a9ba4da56,f6507bae2aaa4785842167f8320428b3,0.902250
ae2ef12666344157a4a58eb1012bea10,7ef653f7e5f64e1b8bba73b9518b87b7,0.981773
ae2ef12666344157a4a58eb1012bea10,878e5c41be5c477e9f660ca361fdd727,0.934096
ae2ef12666344157a4a58eb1012bea10,cb550e5ff4694fe9a19eaa6588cef250,0.886829
ae2ef12666344157a4a58eb1012bea10,f3fddb55448a46778b5d807642cceb71,0.859722
c007e0935fe7472a9ef764a15c2bae1a,7ef653f7e5f64e1b8bba73b9518b87b7,0.967330
c007e0935fe7472a9ef764a15c2bae1a,878e5c41be5c477e9f660ca361fdd727,0.942445
c007e0935fe7472a9ef764a15c2bae1a,cb550e5ff4694fe9a19eaa6588cef250,0.875365
c007e0935fe7472a9ef764a15c2bae1a,f3fddb55448a46778b5d807642cceb71,0.870309
ca758fdcdecf418c8193105975e32b5a,878e5c41be5c477e9f660ca361fdd727,0.928360
ca758fdcdecf418c8193105975e32b5a,7ef653f7e5f64e1b8bba73b9518b87b7,0.910647
ca758fdcdecf418c8193105975e32b5a,cb550e5ff4694fe9a19eaa6588cef250,0.881568
62d4e090de42404b884cdf0aeea36d2d,cf290994a83e4909aec30077477b9d04,0.986879
4a90414f82f14268928f92849227e3e4,8c674a7b65e24114a45dd3c861a7ccfc,0.972070
8b1b59a271e64b7d92225d1479ab0fa0,8c674a7b65e24114a45dd3c861a7ccfc,0.981745
31555c3dbb51459eb52da0ce111a5382,cf290994a83e4909aec30077477b9d04,0.987100
e1d35002bf604e59a1a055673b110d7b,64d9091426f9461c97c98a5428856bcf,0.969552
e1d35002bf604e59a1a055673b110d7b,77d8e01a914d4f4a8b87d407e0d741aa,0.879087
409ee169523c45b0935d17521c001655,77d8e01a914d4f4a8b87d407e0d741aa,0.936678
409ee169523c45b0935d17521c001655,64d9091426f9461c97c98a5428856bcf,0.893242
409ee169523c45b0935d17521c001655,d445ccdb4cda497e9f0343a3298022d2,0.847756
3c0da2e0535d4efab77b6201db1866d3,5760084aabef4d8095b2d21902151f64,0.978369
1693abbd511b40648b18f87e485be585,19b81e71e7f04ebcbfade9daa899ed3d,0.959312
220c7fef1fe54586b4f4c4ac80924512,7326afe68eb64b63993b3dae022c645d,0.905995
220c7fef1fe54586b4f4c4ac80924512,f2ef424352f14dda92691047ee9f15fa,0.878513
995e4d102a3b41e3b4c81d2e30253554,f2ef424352f14dda92691047ee9f15fa,0.912635
995e4d102a3b41e3b4c81d2e30253554,7326afe68eb64b63993b3dae022c645d,0.874998
995e4d102a3b41e3b4c81d2e30253554,5760084aabef4d8095b2d21902151f64,0.862884
32b2409ee0304c6f8c633cf2838fc107,d9b70c4ed8bb4fc5957ecebf102528ee,0.963004
38393c2659214de8b744a8747b3060da,0a61f52258f643b6a6436a1ec234e197,0.941540
b1fb22cca72c471fbf933b076b3ba471,0a61f52258f643b6a6436a1ec234e197,0.955582
c425735cc2d645f89ae700274561ff76,fadf133e0e684a24ac79b5fa9515bac2,0.979791
c425735cc2d645f89ae700274561ff76,6f57d1175ad243edada61643d01fcd54,0.853026
c425735cc2d645f89ae700274561ff76,0bd1cce9370a461089e25393086800a8,0.845275
d37fad90466d41fb99cc1281af258b44,56272326c7e94e419ea8c69fb634f610,0.976438
d37fad90466d41fb99cc1281af258b44,d9ac372330a4446886fa19bac0d19877,0.858648
8f59b2636caf43f29362aad398734e84,fadf133e0e684a24ac79b5fa9515bac2,0.982922
8f59b2636caf43f29362aad398734e84,6f57d1175ad243edada61643d01fcd54,0.861906
8f59b2636caf43f29362aad398734e84,0bd1cce9370a461089e25393086800a8,0.841558
92e239ee1c9942eda10a987e5a192aad,d9ac372330a4446886fa19bac0d19877,0.981488
92e239ee1c9942eda10a987e5a192aad,56272326c7e94e419ea8c69fb634f610,0.875844
92e239ee1c9942eda10a987e5a192aad,7ec1584e9a5b49eab9ef249143d9bb86,0.858780
92e239ee1c9942eda10a987e5a192aad,6f57d1175ad243edada61643d01fcd54,0.855560
6ca76ef7aa7d4121a75374b29ba7d263,56272326c7e94e419ea8c69fb634f610,0.975625
6ca76ef7aa7d4121a75374b29ba7d263,d9ac372330a4446886fa19bac0d19877,0.849521
2cdba5196ffe4c8797018ef98b7a52c4,3d3e8565d2f84e0cad5ae622f2909765,0.987749
8e69932dfcf247039202e839e2e4ad92,2471f23cb9b64d35a72deed09c9c8975,0.989566
c876e09aeff84624b8a01d61b99fed1f,3d3e8565d2f84e0cad5ae622f2909765,0.982283
660e576505194cfbb8e673b09a078b98,2471f23cb9b64d35a72deed09c9c8975,0.990740
795efbe9c2fe4b3dbc173c89167f9163,3c0f3b44c0844df49b5898406fe9195a,0.967305
795efbe9c2fe4b3dbc173c89167f9163,211ef3181e524685866fb8574d9bf456,0.882803
2be3682989f94c34b19ee0da04571f91,3c0f3b44c0844df49b5898406fe9195a,0.987646
68215d17cd25495b93f219bc1621c8aa,7d0190486da540718e4dc4ca4bd1f573,0.992335
701794a02e204afbbbd3a8689e7eb5f0,7d0190486da540718e4dc4ca4bd1f573,0.995965
fc791f8358f54a66be0e95f809bc8e2d,84581d81d46d44bc99ffb8f871646a7a,0.991113
fc791f8358f54a66be0e95f809bc8e2d,db13ed5446be46269dff3de3c1bf2660,0.931526
fc791f8358f54a66be0e95f809bc8e2d,7aceed0dbea645b091207f4a53d879f2,0.889050
fc791f8358f54a66be0e95f809bc8e2d,1099cb6f4fac4eb8a1fb6db50e18296b,0.852569
24729e6784174289859f89243ee3228c,db13ed5446be46269dff3de3c1bf2660,0.988820
24729e6784174289859f89243ee3228c,84581d81d46d44bc99ffb8f871646a7a,0.934105
24729e6784174289859f89243ee3228c,1099cb6f4fac4eb8a1fb6db50e18296b,0.875812
24729e6784174289859f89243ee3228c,7aceed0dbea645b091207f4a53d879f2,0.865846
ca6805db708f46198fe4e47abb975231,17b5eb6fab65476f827dd355b4a20a55,0.898891
ca6805db708f46198fe4e47abb975231,8987ceafff324f9599b842542e37eddd,0.892042
98ab5e0cc5f8413e993869c9729b464d,8987ceafff324f9599b842542e37eddd,0.996513
98ab5e0cc5f8413e993869c9729b464d,17b5eb6fab65476f827dd355b4a20a55,0.854373
98ab5e0cc5f8413e993869c9729b464d,ff171f0b29974f78b0e81fee30abdd38,0.850826
6cd0e8707bc64b2a808ed3479ee223ab,acbf8eae7e064c11bab7adf66f216990,0.984874
6cd0e8707bc64b2a808ed3479ee223ab,597aab8bb15240f89fd1b24a8e38258d,0.960363
6cd0e8707bc64b2a808ed3479ee223ab,6af17cec494c4373a95865d270a29171,0.955995
dbec5198890f4c209fd8ef08d73c40ce,597aab8bb15240f89fd1b24a8e38258d,0.978144
dbec5198890f4c209fd8ef08d73c40ce,acbf8eae7e064c11bab7adf66f216990,0.961455
dbec5198890f4c209fd8ef08d73c40ce,6af17cec494c4373a95865d270a29171,0.936078
ee7c4fd5b21848a380cf4e90f9f5cdca,acbf8eae7e064c11bab7adf66f216990,0.976222
ee7c4fd5b21848a380cf4e90f9f5cdca,6af17cec494c4373a95865d270a29171,0.956756
ee7c4fd5b21848a380cf4e90f9f5cdca,597aab8bb15240f89fd1b24a8e38258d,0.955047
b0a8fa5a4b474306b97fd69abcdc245f,6af17cec494c4373a95865d270a29171,0.965412
b0a8fa5a4b474306b97fd69abcdc245f,acbf8eae7e064c11bab7adf66f216990,0.959497
b0a8fa5a4b474306b97fd69abcdc245f,597aab8bb15240f89fd1b24a8e38258d,0.955972
2c22ed57d17c4aa097b37805a50b9294,2c82919b038847fabbf5d13ca5ac55a7,0.994018
2c22ed57d17c4aa097b37805a50b9294,0842a796c09b4089933a4f27e4e5e3bc,0.865951
2c22ed57d17c4aa097b37805a50b9294,09f4970dfe684b809bc0959fb62f41bf,0.840095
ee0bdf8b7e3142509f97816c8fae19bd,09f4970dfe684b809bc0959fb62f41bf,0.994378
ee0bdf8b7e3142509f97816c8fae19bd,86f59bd78b424260b0cf356f2f9ae734,0.951585
ee0bdf8b7e3142509f97816c8fae19bd,d0b6e9c1cc5341faba9e03c17767bc2e,0.902148
ee0bdf8b7e3142509f97816c8fae19bd,0842a796c09b4089933a4f27e4e5e3bc,0.888117
ee0bdf8b7e3142509f97816c8fae19bd,31a2675a2e944a1ab3b810cfb92ebd34,0.860935
ee0bdf8b7e3142509f97816c8fae19bd,2c82919b038847fabbf5d13ca5ac55a7,0.846270
a0b880f475f147f08f11e0a27dc48fde,2b039224b54142d185a406b31fe01de2,0.991031
a0b880f475f147f08f11e0a27dc48fde,7ab9086baf99475d8c93862a7dd36344,0.946827
a0b880f475f147f08f11e0a27dc48fde,342aaa81ed004635bbf9cbc2592cd7b6,0.918769
a0b880f475f147f08f11e0a27dc48fde,f5d09519cf7647f8a107cd8fadd322e5,0.897256
a0b880f475f147f08f11e0a27dc48fde,701ac1447f5a414e81156a56c3593a31,0.877188
a0b880f475f147f08f11e0a27dc48fde,f879b316413f45d2b64bb25e3f45a667,0.849568
fad484e776d145428e5c2ae92aec4908,342aaa81ed004635bbf9cbc2592cd7b6,0.969089
fad484e776d145428e5c2ae92aec4908,7ab9086baf99475d8c93862a7dd36344,0.904259
fad484e776d145428e5c2ae92aec4908,2b039224b54142d185a406b31fe01de2,0.871864
fad484e776d145428e5c2ae92aec4908,701ac1447f5a414e81156a56c3593a31,0.847828
fad484e776d145428e5c2ae92aec4908,f5d09519cf7647f8a107cd8fadd322e5,0.844290
f2b99340a8304f42a058a44fd793927c,2b039224b54142d185a406b31fe01de2,0.991123
f2b99340a8304f42a058a44fd793927c,7ab9086baf99475d8c93862a7dd36344,0.949496
f2b99340a8304f42a058a44fd793927c,342aaa81ed004635bbf9cbc2592cd7b6,0.919109
f2b99340a8304f42a058a44fd793927c,f5d09519cf7647f8a107cd8fadd322e5,0.894086
f2b99340a8304f42a058a44fd793927c,701ac1447f5a414e81156a56c3593a31,0.873871
f2b99340a8304f42a058a44fd793927c,f879b316413f45d2b64bb25e3f45a667,0.846211
9ad1273ff93d4e9fb7ade33dd8e0ed98,342aaa81ed004635bbf9cbc2592cd7b6,0.943368
9ad1273ff93d4e9fb7ade33dd8e0ed98,7ab9086baf99475d8c93862a7dd36344,0.925693
9ad1273ff93d4e9fb7ade33dd8e0ed98,2b039224b54142d185a406b31fe01de2,0.912441
9ad1273ff93d4e9fb7ade33dd8e0ed98,f5d09519cf7647f8a107cd8fadd322e5,0.872940
9ad1273ff93d4e9fb7ade33dd8e0ed98,701ac1447f5a414e81156a56c3593a31,0.872276
50cb33eef1b94f6c82103b39c1b98881,36ee1613abf245cdbe93fef69b5f981f,0.979200
50cb33eef1b94f6c82103b39c1b98881,47eb17da319d440aa52da8008c26327a,0.943610
50cb33eef1b94f6c82103b39c1b98881,236c362d8b664c93b41882c119df9706,0.877738
7990224cfabd448689a4ce3026d9fe41,47eb17da319d440aa52da8008c26327a,0.941293
7990224cfabd448689a4ce3026d9fe41,36ee1613abf245cdbe93fef69b5f981f,0.913187
fde89e1ecf8840fdbb45c55139eec70f,47eb17da319d440aa52da8008c26327a,0.946227
fde89e1ecf8840fdbb45c55139eec70f,36ee1613abf245cdbe93fef69b5f981f,0.899466
7141972968b840058e50af9c047f1975,36ee1613abf245cdbe93fef69b5f981f,0.993989
7141972968b840058e50af9c047f1975,47eb17da319d440aa52da8008c26327a,0.935657
7141972968b840058e50af9c047f1975,236c362d8b664c93b41882c119df9706,0.900282
978ff949184e4cfcaa6168bf5ec8b635,ca5add3cbf044a95a5bec88a5841ce98,0.978038
e8d5f4039a4c41ca879ab577cb031ff6,8dfd98bb97584157b207e1f4be471a8e,0.978816
35b575c8f0a94d4691d7fa9a39e399be,ca5add3cbf044a95a5bec88a5841ce98,0.979211
9137d9f3709b476a856868040dd81177,2c8eafa0ff26437a862dc2224ab57073,0.979278
9137d9f3709b476a856868040dd81177,5fc200cab89346658c9c91cce27e85fe,0.847634
9137d9f3709b476a856868040dd81177,eabdd2813a954f9aa01f0eb8212ee387,0.842810
19e0f2444bd641bb81c4b9604f3c5b79,2c8eafa0ff26437a862dc2224ab57073,0.891720
f8922388774b4a008a6c8d856099d30f,6bde760ad5d4485db9889b1bdc074005,0.885926
f8922388774b4a008a6c8d856099d30f,5fc200cab89346658c9c91cce27e85fe,0.847396
d6305586e401475b931a4998caeab35e,6bde760ad5d4485db9889b1bdc074005,0.921085
d6305586e401475b931a4998caeab35e,5fc200cab89346658c9c91cce27e85fe,0.899508
d6305586e401475b931a4998caeab35e,eabdd2813a954f9aa01f0eb8212ee387,0.847106
b1b3c914d57442e687d0d798f678582d,3f28365e18244eb28cc7d23de8895956,0.994401
b1b3c914d57442e687d0d798f678582d,0e8487b2e6a2439b9e6623a1e2e5e19d,0.929912
1e71c6d2af1b4a24867e8235df8f68be,0e8487b2e6a2439b9e6623a1e2e5e19d,0.995366
1e71c6d2af1b4a24867e8235df8f68be,3f28365e18244eb28cc7d23de8895956,0.923290
1e71c6d2af1b4a24867e8235df8f68be,59e4dcf2794943b18fb902a6eb475ff8,0.844205
10a5c96cf3974eb4a43ee1190f555041,0e8487b2e6a2439b9e6623a1e2e5e19d,0.979545
10a5c96cf3974eb4a43ee1190f555041,3f28365e18244eb28cc7d23de8895956,0.912603
e06807ddbe0f47fbb2131d40df566c5d,3f28365e18244eb28cc7d23de8895956,0.993236
e06807ddbe0f47fbb2131d40df566c5d,0e8487b2e6a2439b9e6623a1e2e5e19d,0.933076
f191bbfff07e4252b111e35c94ed290e,40a95697730046dcbb0d7ba1fe2109a6,0.986655
f191bbfff07e4252b111e35c94ed290e,14f4db886cca4104877ac7d1d7a64133,0.866299
3933d083cd9e45fdb173f91329f16538,40a95697730046dcbb0d7ba1fe2109a6,0.980436
3933d083cd9e45fdb173f91329f16538,14f4db886cca4104877ac7d1d7a64133,0.844840
643c0eec1efd4728b8264ce4fed0d3d8,3ec67e948e15423fac23fdd38a7d4cca,0.962841
643c0eec1efd4728b8264ce4fed0d3d8,8350ea8cd6514c2c8d7b625abe7e895b,0.891625
643c0eec1efd4728b8264ce4fed0d3d8,3827ad869b3740278b98db4e65c40e0c,0.867771
effe6696627f429091a6dd53f02eefb5,a35fecee62a9432da0c413f65e895e8c,0.995488
8fb15d3cacbd407bb226320c3829b9d1,3827ad869b3740278b98db4e65c40e0c,0.990855
8fb15d3cacbd407bb226320c3829b9d1,3ec67e948e15423fac23fdd38a7d4cca,0.901289
8fb15d3cacbd407bb226320c3829b9d1,8350ea8cd6514c2c8d7b625abe7e895b,0.895886
9c535651e4904df1a59b82bd2baf303f,aaab880f032a4e00904cf50566164044,0.997970
9c535651e4904df1a59b82bd2baf303f,40f040fd5c824c8e8e710af1fdf70b5f,0.981323
9c535651e4904df1a59b82bd2baf303f,10b152bdafe94db8a93f7c374226a071,0.963624
9c535651e4904df1a59b82bd2baf303f,beccee3a988f48c1ad207e2380766fa4,0.945860
9c535651e4904df1a59b82bd2baf303f,ec5fe0d3a2a2426ea4e49a5c0ad44e04,0.937815
9c535651e4904df1a59b82bd2baf303f,7f5b658239034d35b7f4cf1c63cb388c,0.877344
aa2f3a01706344a289a355c547d3ba1f,aaab880f032a4e00904cf50566164044,0.996911
aa2f3a01706344a289a355c547d3ba1f,40f040fd5c824c8e8e710af1fdf70b5f,0.981027
aa2f3a01706344a289a355c547d3ba1f,10b152bdafe94db8a93f7c374226a071,0.965913
aa2f3a01706344a289a355c547d3ba1f,beccee3a988f48c1ad207e2380766fa4,0.947102
aa2f3a01706344a289a355c547d3ba1f,ec5fe0d3a2a2426ea4e49a5c0ad44e04,0.940281
aa2f3a01706344a289a355c547d3ba1f,7f5b658239034d35b7f4cf1c63cb388c,0.879216
67c8a3a3a76f47dca5dffc57df701923,40f040fd5c824c8e8e710af1fdf70b5f,0.996414
67c8a3a3a76f47dca5dffc57df701923,aaab880f032a4e00904cf50566164044,0.979915
67c8a3a3a76f47dca5dffc57df701923,10b152bdafe94db8a93f7c374226a071,0.966394
67c8a3a3a76f47dca5dffc57df701923,beccee3a988f48c1ad207e2380766fa4,0.943966
67c8a3a3a76f47dca5dffc57df701923,ec5fe0d3a2a2426ea4e49a5c0ad44e04,0.931644
67c8a3a3a76f47dca5dffc57df701923,7f5b658239034d35b7f4cf1c63cb388c,0.892871
67c8a3a3a76f47dca5dffc57df701923,898eabaaa1a047e18aecbb1c5a8decbf,0.867179
517a4c8e0e5e4627b780d2ab38493bcc,d9b97376c5e44d8786f861a5788af644,0.994394
0471ac805c4b456db243f0805797f2dc,595e438d2b394bb3a3259f47efd37ae8,0.997629
0471ac805c4b456db243f0805797f2dc,e0d8aee46b1d4d998858cd05027251b6,0.956572
0471ac805c4b456db243f0805797f2dc,60e87368fe334a92b57088b03cccbfc1,0.885129
0471ac805c4b456db243f0805797f2dc,655a618282cd4fa39a26f0967c033f4b,0.869290
0471ac805c4b456db243f0805797f2dc,452d645d5bf4485185e996dcec9523e5,0.862803
72d5e8cd4b71425f86534cb71655d3a0,595e438d2b394bb3a3259f47efd37ae8,0.989026
72d5e8cd4b71425f86534cb71655d3a0,e0d8aee46b1d4d998858cd05027251b6,0.948286
72d5e8cd4b71425f86534cb71655d3a0,60e87368fe334a92b57088b03cccbfc1,0.883568
72d5e8cd4b71425f86534cb71655d3a0,655a618282cd4fa39a26f0967c033f4b,0.874485
72d5e8cd4b71425f86534cb71655d3a0,452d645d5bf4485185e996dcec9523e5,0.859021
7c6759369d574b4cadfde359fe6eb481,e0d8aee46b1d4d998858cd05027251b6,0.996553
7c6759369d574b4cadfde359fe6eb481,595e438d2b394bb3a3259f47efd37ae8,0.944471
7c6759369d574b4cadfde359fe6eb481,60e87368fe334a92b57088b03cccbfc1,0.851973
bba1dbc4ebc4401eb489ace7cdfe3d62,e0d8aee46b1d4d998858cd05027251b6,0.990177
bba1dbc4ebc4401eb489ace7cdfe3d62,595e438d2b394bb3a3259f47efd37ae8,0.953888
bba1dbc4ebc4401eb489ace7cdfe3d62,60e87368fe334a92b57088b03cccbfc1,0.860805
fb8a64be87ed4691b554bac222e157ab,6ae72ad649c54129b992d321f8f29122,0.989821
fb8a64be87ed4691b554bac222e157ab,503d2f067a8a4f5798b1c64b07ab0bc5,0.886352
af9351fd1bff4f5bb9e89603c818f703,503d2f067a8a4f5798b1c64b07ab0bc5,0.858377
9a2ba0ba753c40439a29734968bde279,503d2f067a8a4f5798b1c64b07ab0bc5,0.869287
b92407443bc54ed2805842ca07219659,6ae72ad649c54129b992d321f8f29122,0.982288
b92407443bc54ed2805842ca07219659,503d2f067a8a4f5798b1c64b07ab0bc5,0.896821
79f37cf5db664eceb1acbe56e59fdba2,c756409435634fc48c643a64e73c93ce,0.983494
79f37cf5db664eceb1acbe56e59fdba2,b9228fdb5f0c413d81cffb51829d95c6,0.904652
79f37cf5db664eceb1acbe56e59fdba2,df5ca61304074da1bec8f536ab50baf3,0.889214
79f37cf5db664eceb1acbe56e59fdba2,225818abe99e45a0bf5b0b3ec30db76b,0.875685
8d3b90a569d64372a82d9a26b511d43b,b9228fdb5f0c413d81cffb51829d95c6,0.984440
8d3b90a569d64372a82d9a26b511d43b,df5ca61304074da1bec8f536ab50baf3,0.899810
8d3b90a569d64372a82d9a26b511d43b,c756409435634fc48c643a64e73c93ce,0.897590
8d3b90a569d64372a82d9a26b511d43b,225818abe99e45a0bf5b0b3ec30db76b,0.846939
9203f26b661c4f00976012cebd86ad3e,b9228fdb5f0c413d81cffb51829d95c6,0.991844
9203f26b661c4f00976012cebd86ad3e,c756409435634fc48c643a64e73c93ce,0.912734
9203f26b661c4f00976012cebd86ad3e,df5ca61304074da1bec8f536ab50baf3,0.887438
bbfbeffe205f44cd8c5bd867f70dc0cf,c756409435634fc48c643a64e73c93ce,0.987019
bbfbeffe205f44cd8c5bd867f70dc0cf,b9228fdb5f0c413d81cffb51829d95c6,0.907750
bbfbeffe205f44cd8c5bd867f70dc0cf,df5ca61304074da1bec8f536ab50baf3,0.873464
bbfbeffe205f44cd8c5bd867f70dc0cf,225818abe99e45a0bf5b0b3ec30db76b,0.851746
24b76ac90a84462d903374be9d0b2c6f,7d6cdff8c9ac434196df803628fe9f62,0.977741
24b76ac90a84462d903374be9d0b2c6f,dcfb738ebbc24f09bb680fe3a52b702e,0.928118
eeabc5200c23495e9decc640bc81697b,7d6cdff8c9ac434196df803628fe9f62,0.965662
eeabc5200c23495e9decc640bc81697b,dcfb738ebbc24f09bb680fe3a52b702e,0.929485
dcab7d1f66534e95aab82c2040294de9,ac5a760b45c146ec840193371cfb2d30,0.976066
dcab7d1f66534e95aab82c2040294de9,9bf3b77eb9874f5f9e006a9cff111ea9,0.846206
432081bba65f4c408b3f3783b0d361dc,ac5a760b45c146ec840193371cfb2d30,0.954019
c385a042fa734b73b1bcbec2e14a9dd0,ac5a760b45c146ec840193371cfb2d30,0.900640
c385a042fa734b73b1bcbec2e14a9dd0,9bf3b77eb9874f5f9e006a9cff111ea9,0.870288
0b33aed54f7445caadc031f47ad62603,ac5a760b45c146ec840193371cfb2d30,0.944886
0b33aed54f7445caadc031f47ad62603,9bf3b77eb9874f5f9e006a9cff111ea9,0.938758
8954e57cd5544eba8d9fec1e8cc5ea3c,1578afd6ce694d46ab6e24f965f51fd6,0.978159
285ed58a8d154d748bba60ef4ef0123d,9dd98c9126c44642a20711729f2e731e,0.892961
285ed58a8d154d748bba60ef4ef0123d,1578afd6ce694d46ab6e24f965f51fd6,0.888564
9a11a8c9bd5f451c8babd3c4dde3d9ba,c78547bdc2e64ac8935559f7de2efd41,0.992592
68931fb463ea43e2b4aaebfa95817d2c,c78547bdc2e64ac8935559f7de2efd41,0.992981
ee38dd3bcc4543afa6668b1cb7f04db9,191b01e1728e4583a8ead5a86db27370,0.990703
0c11c50aaac54a2c8cc725ff6073ce3c,e903085a3f944ad2a41c37306b4e6ab4,0.932963
b092fbf434e14ff3911418a406a68bd4,e903085a3f944ad2a41c37306b4e6ab4,0.919614
76d9f443399e491c9b01f4bb0f487d6c,7e17bbd109dc486c8f0a76f913782180,0.992290
1479ab485d6f4065a6b3679d81d7e6a8,7e17bbd109dc486c8f0a76f913782180,0.986528
041fe9a0e0e3466eaee94e0c5058d4dd,ad054da7e1704a53931a341173f0605f,0.988018
041fe9a0e0e3466eaee94e0c5058d4dd,033f1514c78b49dd82148b94f6bcbeba,0.896800
041fe9a0e0e3466eaee94e0c5058d4dd,f1eecad10a61421eb16b1be7435d9c19,0.855559
63ce6205810547c2adaa5dc2398e9bf7,ad054da7e1704a53931a341173f0605f,0.873574
63ce6205810547c2adaa5dc2398e9bf7,99830b8da7c24f909914f7bb167f3ea6,0.841301
701bc8401f56437f823f5613549de41d,0971af4212484a958eb0f60f93d1dfe0,0.907781
f9d2d9f3c3fb4720ba92d227f72aeef0,25109e3a7df549e5b380aae716d71366,0.982962
f9d2d9f3c3fb4720ba92d227f72aeef0,0971af4212484a958eb0f60f93d1dfe0,0.902080
127069977daa41d78cd4642f658c4171,0971af4212484a958eb0f60f93d1dfe0,0.980035
127069977daa41d78cd4642f658c4171,25109e3a7df549e5b380aae716d71366,0.901656
11d8ba0cbe2c48568a2d0196a1573e16,25109e3a7df549e5b380aae716d71366,0.983964
11d8ba0cbe2c48568a2d0196a1573e16,0971af4212484a958eb0f60f93d1dfe0,0.904077
e1b3f03ec240460c895264f738a709ec,6fc7a2cf0684475a82f6ff9be2c8e850,0.917207
e8ef2c2c7af746118efa2021eab8a25a,eee7f32249c5452ea36c8ed3a3540010,0.968871
e8ef2c2c7af746118efa2021eab8a25a,1aaf8edc37ea412b85e3d1b5c5317051,0.900926
e8ef2c2c7af746118efa2021eab8a25a,93dc50abd35349f7923100dca2f41002,0.885178
e8ef2c2c7af746118efa2021eab8a25a,da61d9bc8f024a4aba18d5c3072b7838,0.877167
e8ef2c2c7af746118efa2021eab8a25a,ce4fdd5499f8498793c11e586f7da70c,0.876319
eeb2317fd71541c38fd867e246a9ff44,eee7f32249c5452ea36c8ed3a3540010,0.994135
eeb2317fd71541c38fd867e246a9ff44,1aaf8edc37ea412b85e3d1b5c5317051,0.905192
eeb2317fd71541c38fd867e246a9ff44,93dc50abd35349f7923100dca2f41002,0.894936
eeb2317fd71541c38fd867e246a9ff44,ce4fdd5499f8498793c11e586f7da70c,0.877966
eeb2317fd71541c38fd867e246a9ff44,da61d9bc8f024a4aba18d5c3072b7838,0.857564
842dd9ced22a40a896de94a19a1d2d4c,6fc7a2cf0684475a82f6ff9be2c8e850,0.981390
842dd9ced22a40a896de94a19a1d2d4c,a0b4d283f12a407286dbeaa3a4d128a5,0.888746
eb6b0705f8744b46a462efa41f20a89a,fe363cef357840fcb35f320fe7c27e4e,0.984238
eb6b0705f8744b46a462efa41f20a89a,8ad1f345ca194b29bde0a924f27b2de5,0.955045
eb6b0705f8744b46a462efa41f20a89a,887e323cc38f4cf8adc5970617f1c286,0.863746
eb6b0705f8744b46a462efa41f20a89a,13aca0959cc948cabeee0d7255f55a65,0.850755
482dd5c933c94587b3946517c235aea3,13aca0959cc948cabeee0d7255f55a65,0.993016
482dd5c933c94587b3946517c235aea3,b01fd4d037a84a7aa777e1fc345c73c5,0.890788
482dd5c933c94587b3946517c235aea3,8ad1f345ca194b29bde0a924f27b2de5,0.877414
482dd5c933c94587b3946517c235aea3,887e323cc38f4cf8adc5970617f1c286,0.862374
482dd5c933c94587b3946517c235aea3,fe363cef357840fcb35f320fe7c27e4e,0.856496
482dd5c933c94587b3946517c235aea3,a8904adcdd21495f890bc614bfdbf86f,0.845412
482dd5c933c94587b3946517c235aea3,d7618b61a65a4bc1a0d0f2cc1bddc448,0.840454
714cfd813314481cb74ce1598ae2d695,13aca0959cc948cabeee0d7255f55a65,0.992579
714cfd813314481cb74ce1598ae2d695,b01fd4d037a84a7aa777e1fc345c73c5,0.891615
714cfd813314481cb74ce1598ae2d695,8ad1f345ca194b29bde0a924f27b2de5,0.886196
714cfd813314481cb74ce1598ae2d695,a8904adcdd21495f890bc614bfdbf86f,0.871384
714cfd813314481cb74ce1598ae2d695,887e323cc38f4cf8adc5970617f1c286,0.871268
714cfd813314481cb74ce1598ae2d695,716a15d66b63424a8068da89e75733b4,0.862138
714cfd813314481cb74ce1598ae2d695,fe363cef357840fcb35f320fe7c27e4e,0.861787
714cfd813314481cb74ce1598ae2d695,d7618b61a65a4bc1a0d0f2cc1bddc448,0.858255
1905289530434d1ea5a686725d2aa4a7,200f7fc78e4c403982f61b2894e50bad,0.978322
c939d86a19284f6485029452c1dd5906,200f7fc78e4c403982f61b2894e50bad,0.988258
14683a06fc90460097ce4e4db0e55f16,44b3bc5953364d72a53edcf9fc4f1fed,0.992697
ba76e2fc0cc240a293e65f918ef3f29b,44b3bc5953364d72a53edcf9fc4f1fed,0.930291
56178bece80e4c44a6a45d630a70742c,1b827db6f6cf4ecb850928c2f9e41de2,0.998367
56178bece80e4c44a6a45d630a70742c,bce599075dfd4fac8dd78626106e3071,0.923057
60ae797aa8bb4341829f83d0b771ab36,1b827db6f6cf4ecb850928c2f9e41de2,0.994710
60ae797aa8bb4341829f83d0b771ab36,bce599075dfd4fac8dd78626106e3071,0.918724
539bac7dd76e434db2fec777565e0d2e,41047823f2cb4194ba1e0709443c719a,0.858775
5305b4e53d154b1890d851d40a749099,41047823f2cb4194ba1e0709443c719a,0.872491
5305b4e53d154b1890d851d40a749099,e43d8e7bc32f406b9a692e2604f5b45a,0.852886
a7570f9b55c24fb0bac3c9e4edf6d60e,41047823f2cb4194ba1e0709443c719a,0.975781
5ad1f88ed9ed488dafbdf8181733f084,41047823f2cb4194ba1e0709443c719a,0.946559
0e302f85dcbe44f1bc67317ce56268d8,f4474150010f4021a4620372062f3797,0.977080
0e302f85dcbe44f1bc67317ce56268d8,7960902edf4b47d686f704441aa56b0e,0.883275
0e302f85dcbe44f1bc67317ce56268d8,35d06fce2df446569702778e2250bd82,0.870128
392705089c6b4b8cbcde900d0fff9622,f4474150010f4021a4620372062f3797,0.984858
392705089c6b4b8cbcde900d0fff9622,7960902edf4b47d686f704441aa56b0e,0.864195
392705089c6b4b8cbcde900d0fff9622,35d06fce2df446569702778e2250bd82,0.859166
3d450234080f488aa71b15f195d1b4f1,d75a52d716984f318f976bbfc7bee787,0.935566
7adb641772574f79bca7f5c97071108e,00614d60b3544ba790dfd23dd53992e0,0.997015
7adb641772574f79bca7f5c97071108e,8ebbcf8e4e6f400ba1839e9d75806274,0.901807
7adb641772574f79bca7f5c97071108e,07d869789eda4445a1ecfe59c331db0d,0.850806
470a0e2305e5411f992154553c12bfcd,00614d60b3544ba790dfd23dd53992e0,0.925671
470a0e2305e5411f992154553c12bfcd,8ebbcf8e4e6f400ba1839e9d75806274,0.886490
470a0e2305e5411f992154553c12bfcd,07d869789eda4445a1ecfe59c331db0d,0.866018
f82f3fa0a3af48208d53dbf813b19b11,00614d60b3544ba790dfd23dd53992e0,0.994170
f82f3fa0a3af48208d53dbf813b19b11,8ebbcf8e4e6f400ba1839e9d75806274,0.909033
f82f3fa0a3af48208d53dbf813b19b11,07d869789eda4445a1ecfe59c331db0d,0.840015
cbd2d2ff355d4f0399b9fc51697c9fd7,8ebbcf8e4e6f400ba1839e9d75806274,0.993367
cbd2d2ff355d4f0399b9fc51697c9fd7,00614d60b3544ba790dfd23dd53992e0,0.907175
355a18bf4bbe449086bfbd70b9b66961,00614d60b3544ba790dfd23dd53992e0,0.931475
355a18bf4bbe449086bfbd70b9b66961,8ebbcf8e4e6f400ba1839e9d75806274,0.889088
355a18bf4bbe449086bfbd70b9b66961,07d869789eda4445a1ecfe59c331db0d,0.866362
8801a0c028fe4b9b9621b539d7950e08,4c8476482736459881e2a3b0509ee103,0.963876
8801a0c028fe4b9b9621b539d7950e08,133bfbe9a7c741fcb638ecf1b0088213,0.940342
ce2ca433804e44b4be720751273b782a,4c8476482736459881e2a3b0509ee103,0.971721
ce2ca433804e44b4be720751273b782a,133bfbe9a7c741fcb638ecf1b0088213,0.927440
4ea609e9602a4aaa8629b2aa624b0175,133bfbe9a7c741fcb638ecf1b0088213,0.958673
4ea609e9602a4aaa8629b2aa624b0175,4c8476482736459881e2a3b0509ee103,0.937620
cfb9a2cee2044f5e9cab9a1ec0394c33,133bfbe9a7c741fcb638ecf1b0088213,0.958596
cfb9a2cee2044f5e9cab9a1ec0394c33,4c8476482736459881e2a3b0509ee103,0.935955
91753f317b7d415d93dfbb79291ce529,b8da01ceddcb45a491a288ddbc658e90,0.946385
91753f317b7d415d93dfbb79291ce529,2c3599a1611644f4908562f8fb8870d3,0.846669
0f94a6fec9304d4991a954ceb031f5ae,d65e3a3657ae455e954b6d7221afc84c,0.971912
15a8c430cba44785961873a3dd5bc77f,d65e3a3657ae455e954b6d7221afc84c,0.970158
fd824af093e04ae187700d37404ce512,b8da01ceddcb45a491a288ddbc658e90,0.988071
fd824af093e04ae187700d37404ce512,2c3599a1611644f4908562f8fb8870d3,0.880056
c9d75d71736c41ca808c70e38aff6b5a,85d4175b563d48e5bc6a991b23662f24,0.984850
c9d75d71736c41ca808c70e38aff6b5a,da88fa5efc674368b593444ca950dff9,0.919233
c9d75d71736c41ca808c70e38aff6b5a,3574ab91c29940b3afc62354ae06b73b,0.855495
743f1b2f252548d7910b99d0870f6c67,da88fa5efc674368b593444ca950dff9,0.994258
743f1b2f252548d7910b99d0870f6c67,85d4175b563d48e5bc6a991b23662f24,0.933778
743f1b2f252548d7910b99d0870f6c67,3574ab91c29940b3afc62354ae06b73b,0.848009
27bcdf10465e4c54869c9ceb59013b81,3574ab91c29940b3afc62354ae06b73b,0.994060
27bcdf10465e4c54869c9ceb59013b81,85d4175b563d48e5bc6a991b23662f24,0.850656
27bcdf10465e4c54869c9ceb59013b81,da88fa5efc674368b593444ca950dff9,0.844772
52cd37fed829421d91356a3fb87f1ae3,da88fa5efc674368b593444ca950dff9,0.994997
52cd37fed829421d91356a3fb87f1ae3,85d4175b563d48e5bc6a991b23662f24,0.935298
52cd37fed829421d91356a3fb87f1ae3,9500823cb050427696343b1ea5cf8881,0.845241
52cd37fed829421d91356a3fb87f1ae3,3574ab91c29940b3afc62354ae06b73b,0.843015
f3cba92d050b4d8e9432cb0cc14c3d63,3574ab91c29940b3afc62354ae06b73b,0.990461
f3cba92d050b4d8e9432cb0cc14c3d63,85d4175b563d48e5bc6a991b23662f24,0.848336
e0ffc5f5610740569aedc8c74ed17c47,5abf57d57d84440e94d0d2e2ffb37575,0.982757
e0ffc5f5610740569aedc8c74ed17c47,cf293392122347a180cf2126f4589acb,0.892163
e0ffc5f5610740569aedc8c74ed17c47,3c1b91a23b694da1973dbc5f75f2f3ed,0.883460
fd29df6e377f40b981cba18434381065,5abf57d57d84440e94d0d2e2ffb37575,0.995189
fd29df6e377f40b981cba18434381065,cf293392122347a180cf2126f4589acb,0.890441
fd29df6e377f40b981cba18434381065,3c1b91a23b694da1973dbc5f75f2f3ed,0.884478
f5ff08722abb413e9e24fa4eee6d5b60,3c1b91a23b694da1973dbc5f75f2f3ed,0.972798
f5ff08722abb413e9e24fa4eee6d5b60,5abf57d57d84440e94d0d2e2ffb37575,0.905843
f5ff08722abb413e9e24fa4eee6d5b60,cf293392122347a180cf2126f4589acb,0.892637
574036f38fb84293ae0fbe592c3c6f3a,cf293392122347a180cf2126f4589acb,0.984958
574036f38fb84293ae0fbe592c3c6f3a,5abf57d57d84440e94d0d2e2ffb37575,0.899328
574036f38fb84293ae0fbe592c3c6f3a,3c1b91a23b694da1973dbc5f75f2f3ed,0.893487
35f36e3994484147bfac89ac7f1ef8ef,cf293392122347a180cf2126f4589acb,0.984814
35f36e3994484147bfac89ac7f1ef8ef,5abf57d57d84440e94d0d2e2ffb37575,0.901713
35f36e3994484147bfac89ac7f1ef8ef,3c1b91a23b694da1973dbc5f75f2f3ed,0.892509
84ef3ef2feb84347bac472fb9e9d5906,77cecb221149474896d9b2eb848bf150,0.954684
84ef3ef2feb84347bac472fb9e9d5906,c84deec0ecf843c39f52d4cb8e7300f8,0.947330
84ef3ef2feb84347bac472fb9e9d5906,e7aaa514f6f64a258a640ea341aa1a18,0.945771
84ef3ef2feb84347bac472fb9e9d5906,039f8e63b273472d8f1d99d9a5de5cf5,0.920726
84ef3ef2feb84347bac472fb9e9d5906,07958f43551e459eb30638b632e3cd64,0.913415
398defcf45ad43ed8e2633186eaa33ba,de72d25d08da4b03ac6f6411ce30e07c,0.846662
ea57953406604eb083a4fecc3606c662,baf841bad27c456c9de7227555ea3ef8,0.979933
6d7cfa2d06f64b22aeffa8b5f5294bdb,de72d25d08da4b03ac6f6411ce30e07c,0.849975
b81d6cfb08b3460182252d604820144b,baf841bad27c456c9de7227555ea3ef8,0.933844
d9348c713e8144f791dd2fc990a3cbb6,30578712823948b086e3781343982938,0.982384
961885b72b8b4073afa543195a48050c,250d411ae270441085be3501b7b55d86,0.930194
961885b72b8b4073afa543195a48050c,99830b8da7c24f909914f7bb167f3ea6,0.896388
06e690975e524b9089b8d4f9317a1558,250d411ae270441085be3501b7b55d86,0.874441
a5bc160edec74fb7a50b0debceb4ff1d,1aef014473b84ef9a0f799114fe516c9,0.990488
77a31fe5e10e44c38270d85e569068f5,30578712823948b086e3781343982938,0.994137
a508b4ed8aa64d2c8930b9e0f5588144,9db7d32d79024ba6a73c55fde6f55968,0.980468
a508b4ed8aa64d2c8930b9e0f5588144,00e9d4081c2f45d1a818bfeab099863a,0.938475
58f407c23b424ad7858fe02688d1f729,00e9d4081c2f45d1a818bfeab099863a,0.991199
58f407c23b424ad7858fe02688d1f729,9db7d32d79024ba6a73c55fde6f55968,0.937271
6a195a5109304e06ae0423987650f0e5,9db7d32d79024ba6a73c55fde6f55968,0.966802
6a195a5109304e06ae0423987650f0e5,00e9d4081c2f45d1a818bfeab099863a,0.957460
df7a3b9a04ad4297aadb288feabf0c50,3fce01bbc56d49d39f61cba3d17648f2,0.939859
df7a3b9a04ad4297aadb288feabf0c50,e735729c80d84f76a6133c065d5380f8,0.921600
684ba7bd1eae483282be0c8c9c114514,e735729c80d84f76a6133c065d5380f8,0.992467
684ba7bd1eae483282be0c8c9c114514,3fce01bbc56d49d39f61cba3d17648f2,0.907546
4eda37aa22e54fa2afd5c4d98019ce29,3fce01bbc56d49d39f61cba3d17648f2,0.991162
4eda37aa22e54fa2afd5c4d98019ce29,e735729c80d84f76a6133c065d5380f8,0.902426
3fc9d39c9efc4790b7a0864f44c1e28d,e735729c80d84f76a6133c065d5380f8,0.981127
3fc9d39c9efc4790b7a0864f44c1e28d,3fce01bbc56d49d39f61cba3d17648f2,0.894553
492e1ce165734c99ae0c8142231d6cd8,570f08ce2a1a47978eab16bf7ad16a68,0.987040
fc5f6e0b9c084686b8bcffe1870bb6af,23a16d69ffe848d593a4808907d8aa98,0.969922
fc5f6e0b9c084686b8bcffe1870bb6af,cb75c6ef71cb4991805920f2894e0e96,0.897631
d88623101f5740e3bbbb1be949c2c917,cb75c6ef71cb4991805920f2894e0e96,0.931858
3d4bd2285a9441ceb15abaf963002c03,cb75c6ef71cb4991805920f2894e0e96,0.918831
3d4bd2285a9441ceb15abaf963002c03,23a16d69ffe848d593a4808907d8aa98,0.858730
fb083ec69f5f42f2881407d2176b5d39,aa082284f9894b5aa210c179d59999b1,0.996542
fb083ec69f5f42f2881407d2176b5d39,db620271348d404a9a0b978d96c63f29,0.937992
94fac016e63749c8a8f0fdf1fc1a90b5,aa082284f9894b5aa210c179d59999b1,0.992981
94fac016e63749c8a8f0fdf1fc1a90b5,db620271348d404a9a0b978d96c63f29,0.932385
a4f2a13bd2b54360a921c8ef7366e535,db620271348d404a9a0b978d96c63f29,0.998494
a4f2a13bd2b54360a921c8ef7366e535,aa082284f9894b5aa210c179d59999b1,0.932238
89206a8894c247c8bd87fad37967ca98,db620271348d404a9a0b978d96c63f29,0.996818
89206a8894c247c8bd87fad37967ca98,aa082284f9894b5aa210c179d59999b1,0.930248
4d36c5e5c20443bbab4b51e580bafc21,b44645c11ece4326a45f50fdc5d45dcf,0.965932
517675a3a64847439ecd5791a240af4c,52f20bd7eb50430c95f0916727880a1b,0.992214
517675a3a64847439ecd5791a240af4c,c2a665cec90e46db8d2a74389beb4649,0.888460
517675a3a64847439ecd5791a240af4c,27a67d3e76814297aebf64e03d14c336,0.869590
517675a3a64847439ecd5791a240af4c,b3f8b4bec0164d0e81997b4f5a277e8f,0.845403
b4a18167b9e44a69bbb49ee2a8709fbe,52f20bd7eb50430c95f0916727880a1b,0.975876
b4a18167b9e44a69bbb49ee2a8709fbe,c2a665cec90e46db8d2a74389beb4649,0.871408
b4a18167b9e44a69bbb49ee2a8709fbe,27a67d3e76814297aebf64e03d14c336,0.860352
173054bdb88d476dbd153c55b7fabd01,b44645c11ece4326a45f50fdc5d45dcf,0.983436
6676c08920d74d74b3b5e31d76d402b2,249c2d8d8d2345c6990b3c4d94385b5a,0.953908
6676c08920d74d74b3b5e31d76d402b2,f32f4607b4714e378831f924c5e6084d,0.889133
0df5d9aef12b4019955ea3f2f0b2adab,f32f4607b4714e378831f924c5e6084d,0.983556
0df5d9aef12b4019955ea3f2f0b2adab,249c2d8d8d2345c6990b3c4d94385b5a,0.926168
9e0acd98c27a49b196d2c555deba2f0e,f32f4607b4714e378831f924c5e6084d,0.991065
9e0acd98c27a49b196d2c555deba2f0e,249c2d8d8d2345c6990b3c4d94385b5a,0.927535
b9de30f0928f4adbbd9e64f944ab0805,f335a944a27a4504a82ecf70c2d4a5e4,0.976978
b9de30f0928f4adbbd9e64f944ab0805,e06d08ff594a4acbac12edf579743fcf,0.897333
b9de30f0928f4adbbd9e64f944ab0805,076e2669c305401fb3afcfafdd6c79c7,0.883159
b9de30f0928f4adbbd9e64f944ab0805,d0e41bf891254ba0872f1641139f84f6,0.854756
b9de30f0928f4adbbd9e64f944ab0805,7584980704ae4617bb27ca162cc9c5db,0.851579
1700d60558f04c2581e0c6ecac9ca03f,e06d08ff594a4acbac12edf579743fcf,0.993141
1700d60558f04c2581e0c6ecac9ca03f,7584980704ae4617bb27ca162cc9c5db,0.907744
1700d60558f04c2581e0c6ecac9ca03f,be8953cc364d46cebbcc2c2da2c348ab,0.899607
1700d60558f04c2581e0c6ecac9ca03f,f335a944a27a4504a82ecf70c2d4a5e4,0.873475
1700d60558f04c2581e0c6ecac9ca03f,4e22dc65beb7450b9260cf27e50919e4,0.865673
1700d60558f04c2581e0c6ecac9ca03f,5e44915237fc4445b54b037e1c4e29a4,0.845003
f8ebc027345b4689839fa22c303c1bbc,e06d08ff594a4acbac12edf579743fcf,0.985612
f8ebc027345b4689839fa22c303c1bbc,7584980704ae4617bb27ca162cc9c5db,0.914392
f8ebc027345b4689839fa22c303c1bbc,be8953cc364d46cebbcc2c2da2c348ab,0.905280
f8ebc027345b4689839fa22c303c1bbc,4e22dc65beb7450b9260cf27e50919e4,0.869077
f8ebc027345b4689839fa22c303c1bbc,f335a944a27a4504a82ecf70c2d4a5e4,0.858621
f8ebc027345b4689839fa22c303c1bbc,5e44915237fc4445b54b037e1c4e29a4,0.848921
f8ebc027345b4689839fa22c303c1bbc,403835bbf2f1447188bcc78e062b0028,0.841470
a815375295944d72bbd877ca7675981a,f335a944a27a4504a82ecf70c2d4a5e4,0.988827
a815375295944d72bbd877ca7675981a,e06d08ff594a4acbac12edf579743fcf,0.911925
a815375295944d72bbd877ca7675981a,076e2669c305401fb3afcfafdd6c79c7,0.882366
a815375295944d72bbd877ca7675981a,7584980704ae4617bb27ca162cc9c5db,0.862148
a815375295944d72bbd877ca7675981a,d0e41bf891254ba0872f1641139f84f6,0.842893
a5eb956f41154b2fa05333dc5f91564d,e5a3c8867e44498d9182e8be934e0fce,0.959022
a5eb956f41154b2fa05333dc5f91564d,cf7476d6c96b4dcdb6f025b9291eb62b,0.921234
32ca729048eb46ea82cfabc322b2f07f,cf7476d6c96b4dcdb6f025b9291eb62b,0.985013
32ca729048eb46ea82cfabc322b2f07f,e5a3c8867e44498d9182e8be934e0fce,0.890918
4b03b491a7324ddea5bf28db91e66254,cf7476d6c96b4dcdb6f025b9291eb62b,0.988106
4b03b491a7324ddea5bf28db91e66254,e5a3c8867e44498d9182e8be934e0fce,0.883438
6ee636f0481140ed9b0077791aba92b0,e5a3c8867e44498d9182e8be934e0fce,0.972919
6ee636f0481140ed9b0077791aba92b0,cf7476d6c96b4dcdb6f025b9291eb62b,0.912665
9e69ec4a3364489c92dd79eb57e83d54,d33407004b9e433a9d4147cfe6584d36,0.947223
e3d8f037fbe5491eba85d08b7dc5cab4,d33407004b9e433a9d4147cfe6584d36,0.964235
2e92d21d8386472cb7ae95c21ba476ec,5f481b07f9734f518a14853831233b78,0.981730
d0e2f6816e1d46c4896a92a770a52d13,5f481b07f9734f518a14853831233b78,0.987185
9db1e0ae9d1e4b078283f3e4fce188a9,4c36aafaf38f4e9e9e09991737196fe1,0.987046
9db1e0ae9d1e4b078283f3e4fce188a9,54e9bbd0093947a3bda5fef48ef7493d,0.967602
9db1e0ae9d1e4b078283f3e4fce188a9,408ae6a767874fc782467ec2f054ad15,0.901215
9db1e0ae9d1e4b078283f3e4fce188a9,8746ae2ca7514699b629b4d9b5fe95a7,0.883258
9db1e0ae9d1e4b078283f3e4fce188a9,a0408a6462b24cf18e50a8616359d5ad,0.847643
b3e9c337e43d4153aebe5720e9cd3974,4c36aafaf38f4e9e9e09991737196fe1,0.972837
b3e9c337e43d4153aebe5720e9cd3974,54e9bbd0093947a3bda5fef48ef7493d,0.960904
b3e9c337e43d4153aebe5720e9cd3974,408ae6a767874fc782467ec2f054ad15,0.888543
b3e9c337e43d4153aebe5720e9cd3974,8746ae2ca7514699b629b4d9b5fe95a7,0.864777
6826037354894b81a24d3dc9a4983acb,54e9bbd0093947a3bda5fef48ef7493d,0.922556
6826037354894b81a24d3dc9a4983acb,4c36aafaf38f4e9e9e09991737196fe1,0.864696
dc99c006397e40808ab1f016fa44006f,b626eb67c2e14afeae2846bb150976f3,0.960702
dc99c006397e40808ab1f016fa44006f,1f9cd7f2b7a14e2f8d490a104a56edcd,0.877847
dc99c006397e40808ab1f016fa44006f,7d6122daabe442ffb5e57ece1882e714,0.863006
4993ef4ea7ef4074bc9bfda10fc761b9,7d6122daabe442ffb5e57ece1882e714,0.955183
4993ef4ea7ef4074bc9bfda10fc761b9,1f9cd7f2b7a14e2f8d490a104a56edcd,0.915887
c7eab26c996245a3ab077b730a658580,1f9cd7f2b7a14e2f8d490a104a56edcd,0.965924
c7eab26c996245a3ab077b730a658580,7d6122daabe442ffb5e57ece1882e714,0.912401
b675a73977ed4edbbe06ed1ed956190f,b626eb67c2e14afeae2846bb150976f3,0.933843
b675a73977ed4edbbe06ed1ed956190f,1f9cd7f2b7a14e2f8d490a104a56edcd,0.886260
b675a73977ed4edbbe06ed1ed956190f,7d6122daabe442ffb5e57ece1882e714,0.880129
cebedb652e6442cfb5750e4bbec52862,1f9cd7f2b7a14e2f8d490a104a56edcd,0.973051
cebedb652e6442cfb5750e4bbec52862,7d6122daabe442ffb5e57ece1882e714,0.922521
085ac28270ca429689a32df3a4583773,e429a2e164a24919a12edcc8d4ea8f09,0.936340
085ac28270ca429689a32df3a4583773,98b2022b2cb84af09ee8b789db928b13,0.921626
085ac28270ca429689a32df3a4583773,c4b9d7a8d5d342459d2282589b3af293,0.858842
085ac28270ca429689a32df3a4583773,75801225047a4c019100660c13f1e0f1,0.853193
e03daa7cd69147cf9ffcfe59b6f1ff74,e429a2e164a24919a12edcc8d4ea8f09,0.933600
e03daa7cd69147cf9ffcfe59b6f1ff74,98b2022b2cb84af09ee8b789db928b13,0.918106
e03daa7cd69147cf9ffcfe59b6f1ff74,c4b9d7a8d5d342459d2282589b3af293,0.869754
e03daa7cd69147cf9ffcfe59b6f1ff74,75801225047a4c019100660c13f1e0f1,0.846602
7076a0387a924dc1b928b55750f64916,75801225047a4c019100660c13f1e0f1,0.992454
7076a0387a924dc1b928b55750f64916,e429a2e164a24919a12edcc8d4ea8f09,0.878317
7076a0387a924dc1b928b55750f64916,98b2022b2cb84af09ee8b789db928b13,0.864003
7076a0387a924dc1b928b55750f64916,e834bfbd30b247e899f0dc029ab9f072,0.845617
0da0ce17055e4ce4aad17bba3493ecf3,c4b9d7a8d5d342459d2282589b3af293,0.986539
0da0ce17055e4ce4aad17bba3493ecf3,e429a2e164a24919a12edcc8d4ea8f09,0.871959
0da0ce17055e4ce4aad17bba3493ecf3,98b2022b2cb84af09ee8b789db928b13,0.869265
a1de5e13c3de409baec25b9625277294,b33a0f5b564a4942b04046ab7a8e2aae,0.979381
59d5b8a0cae447e3aa9d4441af278166,7f0a68d19d2e4850846ffc08c47ed87d,0.969885
59d5b8a0cae447e3aa9d4441af278166,b33a0f5b564a4942b04046ab7a8e2aae,0.884120
0c4b7eb545d746869c5419772a6e4392,b33a0f5b564a4942b04046ab7a8e2aae,0.989356
ee5f151fd75d45ea92a20e50b7471a5b,7f0a68d19d2e4850846ffc08c47ed87d,0.959714
ee5f151fd75d45ea92a20e50b7471a5b,b33a0f5b564a4942b04046ab7a8e2aae,0.886625
53690105d8d9451da2c18448738ecbc1,1da8cc33bb474411ae16db0233210125,0.986765
904b4babc35a4e22bf243f52a41e9034,5a9a716f53364389864a4018d9e9c6c0,0.989217
4ec8d6459f8e4b49af04fd8199016f22,0d0973762130427eaa2ce9a7a34517db,0.951948
c50dedd60aba419c9533edaeaa3946ce,0d0973762130427eaa2ce9a7a34517db,0.958587
e4692df5d1fc4cccbb1af7348c9844e7,5a9a716f53364389864a4018d9e9c6c0,0.989726
0acc73aefb2c4bd4ac88e33303c8f082,8d595c7da42545c88052e7b213b6c97c,0.969864
0acc73aefb2c4bd4ac88e33303c8f082,f69dcaceb6074ddebfe1dc7e5978fcff,0.861050
0acc73aefb2c4bd4ac88e33303c8f082,ffc5805e29a74be0a55b40318aa321d7,0.858898
c3b65a8844a544c6a4819d750555f39c,8d595c7da42545c88052e7b213b6c97c,0.979041
c3b65a8844a544c6a4819d750555f39c,f69dcaceb6074ddebfe1dc7e5978fcff,0.856423
c3b65a8844a544c6a4819d750555f39c,ffc5805e29a74be0a55b40318aa321d7,0.847021
3ec39a285da042a1bb003186e6c26bdc,19593c97fef0474dbe6051e28338f1e9,0.982405
3ec39a285da042a1bb003186e6c26bdc,8d595c7da42545c88052e7b213b6c97c,0.868943
7abfc7f5744b4188b357bacc5c42c49e,8d595c7da42545c88052e7b213b6c97c,0.917751
7abfc7f5744b4188b357bacc5c42c49e,19593c97fef0474dbe6051e28338f1e9,0.884681
7abfc7f5744b4188b357bacc5c42c49e,ffc5805e29a74be0a55b40318aa321d7,0.870525
7abfc7f5744b4188b357bacc5c42c49e,f69dcaceb6074ddebfe1dc7e5978fcff,0.841629
9405bc1ec9c249e080970a1f105edabe,ed4449952a9e45339b76fc5f123cb917,0.982039
9405bc1ec9c249e080970a1f105edabe,599feb1e512c43ad8c0a1845922acf78,0.893254
1fe6a337c9114514b3e8dd154c2bda5b,599feb1e512c43ad8c0a1845922acf78,0.970724
1fe6a337c9114514b3e8dd154c2bda5b,ed4449952a9e45339b76fc5f123cb917,0.872170
31557bdb4eee40258e47e89e445b788a,ed4449952a9e45339b76fc5f123cb917,0.986463
31557bdb4eee40258e47e89e445b788a,599feb1e512c43ad8c0a1845922acf78,0.886208
73dbecd0253544b594d72bdfb45f3f7e,599feb1e512c43ad8c0a1845922acf78,0.968924
e6d9f19b6de24f86aa66f9c5fd05e823,e1c63000ace94c1d9381d82389fe6afd,0.960937
e6d9f19b6de24f86aa66f9c5fd05e823,99ba4cc9355f4d79a68bc69ac12a716f,0.917996
e6d9f19b6de24f86aa66f9c5fd05e823,a64f6232ee1e4357937008a327a63cf4,0.847893
81cace07bfd24a26846b03e46c6ad161,99ba4cc9355f4d79a68bc69ac12a716f,0.984172
81cace07bfd24a26846b03e46c6ad161,e1c63000ace94c1d9381d82389fe6afd,0.935521
81cace07bfd24a26846b03e46c6ad161,a64f6232ee1e4357937008a327a63cf4,0.913538
81cace07bfd24a26846b03e46c6ad161,0c9c05f86aa042abbdd66d2b2d05d374,0.854603
90e717813d404c9f925935c7cfaf747d,99ba4cc9355f4d79a68bc69ac12a716f,0.996715
90e717813d404c9f925935c7cfaf747d,e1c63000ace94c1d9381d82389fe6afd,0.947099
90e717813d404c9f925935c7cfaf747d,a64f6232ee1e4357937008a327a63cf4,0.925133
90e717813d404c9f925935c7cfaf747d,0c9c05f86aa042abbdd66d2b2d05d374,0.845026
e5fa255c55ca4255a1a6ad8c11fe54a0,230b9ef63ea240e9b61a18f41473f942,0.978809
e5fa255c55ca4255a1a6ad8c11fe54a0,0c9c05f86aa042abbdd66d2b2d05d374,0.890704
e5fa255c55ca4255a1a6ad8c11fe54a0,a64f6232ee1e4357937008a327a63cf4,0.854911
e62461979ead477d9cc7f369964f28d9,e1c63000ace94c1d9381d82389fe6afd,0.942954
e62461979ead477d9cc7f369964f28d9,99ba4cc9355f4d79a68bc69ac12a716f,0.915513
e62461979ead477d9cc7f369964f28d9,a64f6232ee1e4357937008a327a63cf4,0.865095
5a783edaf5cc4401bef507ec0bf50b74,724a3f6551e74ad585bdeac9a75fd639,0.986465
5a783edaf5cc4401bef507ec0bf50b74,7359a1cc20d54f96aeea121d7247b88d,0.847507
07ede7933f83489091e7ac09e75bd135,724a3f6551e74ad585bdeac9a75fd639,0.977394
07ede7933f83489091e7ac09e75bd135,7359a1cc20d54f96aeea121d7247b88d,0.871409
e0a1bb27279d4bb8ac27a733753d7c54,9500823cb050427696343b1ea5cf8881,0.992711
e0a1bb27279d4bb8ac27a733753d7c54,5455e62f52ae4e03b2a5d0e8b9899506,0.923188
e0a1bb27279d4bb8ac27a733753d7c54,3f23eafbd9cc4e209aca631fd6fc9dfd,0.919089
e0a1bb27279d4bb8ac27a733753d7c54,039a871609044cb1b69f70c082fe61d8,0.905154
e0a1bb27279d4bb8ac27a733753d7c54,be70e49b76c24527b4fddfb6b78b6d8d,0.856350
e0a1bb27279d4bb8ac27a733753d7c54,da88fa5efc674368b593444ca950dff9,0.840636
8d21526a81804f01b67fc9c7431368d4,9500823cb050427696343b1ea5cf8881,0.994568
8d21526a81804f01b67fc9c7431368d4,5455e62f52ae4e03b2a5d0e8b9899506,0.925177
8d21526a81804f01b67fc9c7431368d4,3f23eafbd9cc4e209aca631fd6fc9dfd,0.918703
8d21526a81804f01b67fc9c7431368d4,039a871609044cb1b69f70c082fe61d8,0.905926
8d21526a81804f01b67fc9c7431368d4,be70e49b76c24527b4fddfb6b78b6d8d,0.855882
e099db4616e745afa30336180e470463,039a871609044cb1b69f70c082fe61d8,0.997669
e099db4616e745afa30336180e470463,5455e62f52ae4e03b2a5d0e8b9899506,0.968662
e099db4616e745afa30336180e470463,be70e49b76c24527b4fddfb6b78b6d8d,0.959231
e099db4616e745afa30336180e470463,9500823cb050427696343b1ea5cf8881,0.902052
e099db4616e745afa30336180e470463,3f23eafbd9cc4e209aca631fd6fc9dfd,0.895186
4d9da4498edb406687e88c877d40d0b5,af648fa7ac6c4c50a246de470329cd83,0.992874
4d9da4498edb406687e88c877d40d0b5,b01fd4d037a84a7aa777e1fc345c73c5,0.910895
4d9da4498edb406687e88c877d40d0b5,afac6ae28fac41dabae96696990c5555,0.906933
1878f6ecc3cd4ae098c87cb8f6d6f75f,af648fa7ac6c4c50a246de470329cd83,0.992286
1878f6ecc3cd4ae098c87cb8f6d6f75f,b01fd4d037a84a7aa777e1fc345c73c5,0.883806
1878f6ecc3cd4ae098c87cb8f6d6f75f,afac6ae28fac41dabae96696990c5555,0.883030
122f81ffea0d4ee8a8e0e80dabd6753a,afac6ae28fac41dabae96696990c5555,0.992492
122f81ffea0d4ee8a8e0e80dabd6753a,b01fd4d037a84a7aa777e1fc345c73c5,0.907549
122f81ffea0d4ee8a8e0e80dabd6753a,bb6ecabbce1b43d997d00d7acdc95193,0.893526
122f81ffea0d4ee8a8e0e80dabd6753a,af648fa7ac6c4c50a246de470329cd83,0.890791
122f81ffea0d4ee8a8e0e80dabd6753a,8c5f38853679436ba434b6a696e43168,0.859537
122f81ffea0d4ee8a8e0e80dabd6753a,716a15d66b63424a8068da89e75733b4,0.859424
122f81ffea0d4ee8a8e0e80dabd6753a,a8904adcdd21495f890bc614bfdbf86f,0.848116
122f81ffea0d4ee8a8e0e80dabd6753a,4230775a9d51448396cacb9061f0e5f9,0.843459
341c198c08bf4223af06fe1151b3d336,afac6ae28fac41dabae96696990c5555,0.986626
341c198c08bf4223af06fe1151b3d336,b01fd4d037a84a7aa777e1fc345c73c5,0.912242
341c198c08bf4223af06fe1151b3d336,bb6ecabbce1b43d997d00d7acdc95193,0.897617
341c198c08bf4223af06fe1151b3d336,af648fa7ac6c4c50a246de470329cd83,0.889988
341c198c08bf4223af06fe1151b3d336,716a15d66b63424a8068da89e75733b4,0.866988
341c198c08bf4223af06fe1151b3d336,a8904adcdd21495f890bc614bfdbf86f,0.856389
341c198c08bf4223af06fe1151b3d336,8c5f38853679436ba434b6a696e43168,0.854913
341c198c08bf4223af06fe1151b3d336,d7618b61a65a4bc1a0d0f2cc1bddc448,0.843547
341c198c08bf4223af06fe1151b3d336,13aca0959cc948cabeee0d7255f55a65,0.842695
6936423214e640f58de191bcbb19cfc0,2ece45504eff42469c104dc2a2d03caf,0.920236
c0ca5bae25e84345bcf7f81daaa9a287,2ece45504eff42469c104dc2a2d03caf,0.883939
c0ca5bae25e84345bcf7f81daaa9a287,aa082284f9894b5aa210c179d59999b1,0.858286
c0ca5bae25e84345bcf7f81daaa9a287,db620271348d404a9a0b978d96c63f29,0.850461
ca2cd162b500466a989318642fa8e5e8,6f8d80f8673144dfa7a4e09190442ab3,0.969885
5eea07beb98f41d89ef2eb45e27d65dc,6f8d80f8673144dfa7a4e09190442ab3,0.963240
75f3f9e03bd5407ba9a8ed4058d70b42,9c69642fab6749848e7ea7f5406a6da4,0.935862
75f3f9e03bd5407ba9a8ed4058d70b42,52ee59901f3b4de884d7a6720538aed6,0.861259
134c16196b09479bb303d2505e8029e3,9c69642fab6749848e7ea7f5406a6da4,0.974864
134c16196b09479bb303d2505e8029e3,52ee59901f3b4de884d7a6720538aed6,0.855082
62f621f26198469bbe4acc3c211ac044,52ee59901f3b4de884d7a6720538aed6,0.958047
62f621f26198469bbe4acc3c211ac044,9c69642fab6749848e7ea7f5406a6da4,0.852171
e9102a403ab3412e96b169e8b54422da,9c69642fab6749848e7ea7f5406a6da4,0.903025
dc99976a66254d64893ce4ea5c1381f9,b8995466f0eb4e7ba141e23216e8b974,0.987376
dc99976a66254d64893ce4ea5c1381f9,0092d1d820c64646b8bee9fd14f77acf,0.949039
dc99976a66254d64893ce4ea5c1381f9,c750a2994555414790abb3281572bb42,0.924395
dc99976a66254d64893ce4ea5c1381f9,2ea3b46262e649f79900258cd90cce31,0.899583
a837b40016284aef83d53d8096b2f4c1,c750a2994555414790abb3281572bb42,0.982087
a837b40016284aef83d53d8096b2f4c1,b8995466f0eb4e7ba141e23216e8b974,0.944935
a837b40016284aef83d53d8096b2f4c1,0092d1d820c64646b8bee9fd14f77acf,0.937382
a837b40016284aef83d53d8096b2f4c1,2ea3b46262e649f79900258cd90cce31,0.887956
066e11859105406c8b337a9c79f27900,c750a2994555414790abb3281572bb42,0.988903
066e11859105406c8b337a9c79f27900,b8995466f0eb4e7ba141e23216e8b974,0.933415
066e11859105406c8b337a9c79f27900,0092d1d820c64646b8bee9fd14f77acf,0.915294
066e11859105406c8b337a9c79f27900,2ea3b46262e649f79900258cd90cce31,0.873162
eacbaee168e04572a043403932038ea4,d361a9e414fb41c1a605200d9cbba496,0.944809
eacbaee168e04572a043403932038ea4,e53dd6188816429ab915de6f9649a026,0.850612
87525176aae14b4594b3cc3538652572,43ee0103cba54b4e9d165717735ca0f6,0.911373
6f4c5ace8efc459ea9630b048d4f0f65,da14e9dc2c3d4963b725de8102de5028,0.990877
6f4c5ace8efc459ea9630b048d4f0f65,ba8d0208e32e42969bd4349cf24f6ed1,0.935305
6f4c5ace8efc459ea9630b048d4f0f65,f2cfa68a47ce4a43a0fe1cc7dc860418,0.923943
6f4c5ace8efc459ea9630b048d4f0f65,f8e7f9688fd546829da579434180ffee,0.917510
6f4c5ace8efc459ea9630b048d4f0f65,4d5cbe57c3094d01843e4f950a280b50,0.910012
6f4c5ace8efc459ea9630b048d4f0f65,a055f8188384479a8bad418f7dffd9a5,0.900161
6f4c5ace8efc459ea9630b048d4f0f65,2070754bb5dd4a248be9c2a6a1a9d381,0.898418
6f4c5ace8efc459ea9630b048d4f0f65,baad022010b44fad8d8410869d909fd1,0.881886
6f4c5ace8efc459ea9630b048d4f0f65,f7f600880b064920ab59b907d26aedc6,0.855192
6f4c5ace8efc459ea9630b048d4f0f65,0b57f893483647c3aed811775a4c4c04,0.850149
492fe644141442369b9490599c32871c,baad022010b44fad8d8410869d909fd1,0.908590
492fe644141442369b9490599c32871c,2070754bb5dd4a248be9c2a6a1a9d381,0.884416
492fe644141442369b9490599c32871c,f2cfa68a47ce4a43a0fe1cc7dc860418,0.861164
492fe644141442369b9490599c32871c,f8e7f9688fd546829da579434180ffee,0.858050
492fe644141442369b9490599c32871c,4d5cbe57c3094d01843e4f950a280b50,0.850522
492fe644141442369b9490599c32871c,da14e9dc2c3d4963b725de8102de5028,0.842539
c5430389b16b4cef9f052e00355bb0bd,da14e9dc2c3d4963b725de8102de5028,0.988929
c5430389b16b4cef9f052e00355bb0bd,ba8d0208e32e42969bd4349cf24f6ed1,0.931112
c5430389b16b4cef9f052e00355bb0bd,f2cfa68a47ce4a43a0fe1cc7dc860418,0.919057
c5430389b16b4cef9f052e00355bb0bd,f8e7f9688fd546829da579434180ffee,0.914081
c5430389b16b4cef9f052e00355bb0bd,4d5cbe57c3094d01843e4f950a280b50,0.907493
c5430389b16b4cef9f052e00355bb0bd,a055f8188384479a8bad418f7dffd9a5,0.896791
c5430389b16b4cef9f052e00355bb0bd,2070754bb5dd4a248be9c2a6a1a9d381,0.891905
c5430389b16b4cef9f052e00355bb0bd,baad022010b44fad8d8410869d909fd1,0.879923
c5430389b16b4cef9f052e00355bb0bd,f7f600880b064920ab59b907d26aedc6,0.853357
c5430389b16b4cef9f052e00355bb0bd,0b57f893483647c3aed811775a4c4c04,0.848024
fe4ef0b1b959405da9233fffe5a1a8ba,baad022010b44fad8d8410869d909fd1,0.849511
8b45a559d8f643aabfc6ce1311e615f6,c588868fc3fd4e87a7cddf1ceb00b022,0.995987
8b45a559d8f643aabfc6ce1311e615f6,2c3599a1611644f4908562f8fb8870d3,0.871761
8b45a559d8f643aabfc6ce1311e615f6,b98519f97e424c1389f5553f0869b15a,0.856661
923cdbcba1f440f0b8e680f9bbe84bc0,2c3599a1611644f4908562f8fb8870d3,0.995884
923cdbcba1f440f0b8e680f9bbe84bc0,c588868fc3fd4e87a7cddf1ceb00b022,0.870406
923cdbcba1f440f0b8e680f9bbe84bc0,b8da01ceddcb45a491a288ddbc658e90,0.868054
ce803c95614a408cbf9b99166b3a9db0,2c3599a1611644f4908562f8fb8870d3,0.960436
4a9f5a00cf914c0cb76a4ee585a73675,c588868fc3fd4e87a7cddf1ceb00b022,0.993932
4a9f5a00cf914c0cb76a4ee585a73675,2c3599a1611644f4908562f8fb8870d3,0.867676
61251687d2444fe8b74dce9025233ead,0c9c05f86aa042abbdd66d2b2d05d374,0.978273
61251687d2444fe8b74dce9025233ead,230b9ef63ea240e9b61a18f41473f942,0.899412
61251687d2444fe8b74dce9025233ead,a64f6232ee1e4357937008a327a63cf4,0.850974
61251687d2444fe8b74dce9025233ead,99ba4cc9355f4d79a68bc69ac12a716f,0.849289
42f90bf7d5ef47d8b2f88399cb0f3a2e,0c9c05f86aa042abbdd66d2b2d05d374,0.977831
42f90bf7d5ef47d8b2f88399cb0f3a2e,230b9ef63ea240e9b61a18f41473f942,0.903408
42f90bf7d5ef47d8b2f88399cb0f3a2e,a64f6232ee1e4357937008a327a63cf4,0.853567
42f90bf7d5ef47d8b2f88399cb0f3a2e,99ba4cc9355f4d79a68bc69ac12a716f,0.848893
b3c99c83d4e34424adca9ea35f3016b4,a64f6232ee1e4357937008a327a63cf4,0.968532
b3c99c83d4e34424adca9ea35f3016b4,99ba4cc9355f4d79a68bc69ac12a716f,0.953225
b3c99c83d4e34424adca9ea35f3016b4,e1c63000ace94c1d9381d82389fe6afd,0.922751
b3c99c83d4e34424adca9ea35f3016b4,0c9c05f86aa042abbdd66d2b2d05d374,0.844198
cc2355a9c26249c0b3722824339d73f5,a64f6232ee1e4357937008a327a63cf4,0.986905
cc2355a9c26249c0b3722824339d73f5,99ba4cc9355f4d79a68bc69ac12a716f,0.944065
cc2355a9c26249c0b3722824339d73f5,e1c63000ace94c1d9381d82389fe6afd,0.911215
cc2355a9c26249c0b3722824339d73f5,0c9c05f86aa042abbdd66d2b2d05d374,0.841571
7e2f96b3e0ce428cb02c7ab9d85a8cca,898eabaaa1a047e18aecbb1c5a8decbf,0.994171
7e2f96b3e0ce428cb02c7ab9d85a8cca,7f5b658239034d35b7f4cf1c63cb388c,0.916393
7e2f96b3e0ce428cb02c7ab9d85a8cca,40f040fd5c824c8e8e710af1fdf70b5f,0.855687
c1de7b286d874eeab76f13a3c0d2f90f,7f5b658239034d35b7f4cf1c63cb388c,0.989594
c1de7b286d874eeab76f13a3c0d2f90f,898eabaaa1a047e18aecbb1c5a8decbf,0.924246
c1de7b286d874eeab76f13a3c0d2f90f,10b152bdafe94db8a93f7c374226a071,0.867745
c1de7b286d874eeab76f13a3c0d2f90f,40f040fd5c824c8e8e710af1fdf70b5f,0.867677
c1de7b286d874eeab76f13a3c0d2f90f,aaab880f032a4e00904cf50566164044,0.853318
c1de7b286d874eeab76f13a3c0d2f90f,ec5fe0d3a2a2426ea4e49a5c0ad44e04,0.852744
c1de7b286d874eeab76f13a3c0d2f90f,beccee3a988f48c1ad207e2380766fa4,0.843125
e61649949748401a9d06187bc97c8b58,7f5b658239034d35b7f4cf1c63cb388c,0.993279
e61649949748401a9d06187bc97c8b58,898eabaaa1a047e18aecbb1c5a8decbf,0.933106
e61649949748401a9d06187bc97c8b58,40f040fd5c824c8e8e710af1fdf70b5f,0.877522
e61649949748401a9d06187bc97c8b58,10b152bdafe94db8a93f7c374226a071,0.877151
e61649949748401a9d06187bc97c8b58,aaab880f032a4e00904cf50566164044,0.862832
e61649949748401a9d06187bc97c8b58,ec5fe0d3a2a2426ea4e49a5c0ad44e04,0.861483
e61649949748401a9d06187bc97c8b58,beccee3a988f48c1ad207e2380766fa4,0.857271
b81b07771bcd450f9d8eaba7182f30c7,898eabaaa1a047e18aecbb1c5a8decbf,0.994348
b81b07771bcd450f9d8eaba7182f30c7,7f5b658239034d35b7f4cf1c63cb388c,0.922127
b81b07771bcd450f9d8eaba7182f30c7,40f040fd5c824c8e8e710af1fdf70b5f,0.866717
b81b07771bcd450f9d8eaba7182f30c7,10b152bdafe94db8a93f7c374226a071,0.849560
b81b07771bcd450f9d8eaba7182f30c7,b83013f4c5524232814efa0f8651867f,0.843388
10477b255a0f4b31bdc6941e131708f6,ec580ac6dd7149fb8a0a5a5d8b0f5b08,0.854283
10477b255a0f4b31bdc6941e131708f6,444fa28d9ed54c82a522699041eae592,0.845880
98224d85c5a5408b97fc3f91e37c6172,444fa28d9ed54c82a522699041eae592,0.941299
98224d85c5a5408b97fc3f91e37c6172,ec580ac6dd7149fb8a0a5a5d8b0f5b08,0.868215
9cde6cf03d36463a9fa125c9a5d8579b,ec580ac6dd7149fb8a0a5a5d8b0f5b08,0.934579
9cde6cf03d36463a9fa125c9a5d8579b,444fa28d9ed54c82a522699041eae592,0.898578
97496eac7339419799091685c1a6c966,444fa28d9ed54c82a522699041eae592,0.898698
308e1406bba647a6afa6645b35e09bbd,98b2022b2cb84af09ee8b789db928b13,0.935588
308e1406bba647a6afa6645b35e09bbd,e429a2e164a24919a12edcc8d4ea8f09,0.894653
2fa2158b5d3142e1a336b9938e7ec3e4,b702b2b61ce048c6bf5af3c4dca18b1a,0.986170
b3e94875f12a46d49a18038edf575672,b702b2b61ce048c6bf5af3c4dca18b1a,0.997216
bb76a200223d446492dbeb01f3dcd83c,f65c7f50929f431dbf31b441d87616d0,0.938221
bb76a200223d446492dbeb01f3dcd83c,b702b2b61ce048c6bf5af3c4dca18b1a,0.850031
249ef4fd3a32489e875b8ff944f609e3,f65c7f50929f431dbf31b441d87616d0,0.949146
249ef4fd3a32489e875b8ff944f609e3,b702b2b61ce048c6bf5af3c4dca18b1a,0.851855
08a04363ed37468191357b12b4afa016,08ecf89bc10942a4bd894482f6fcdfa7,0.948432
08a04363ed37468191357b12b4afa016,d445ccdb4cda497e9f0343a3298022d2,0.941475
08a04363ed37468191357b12b4afa016,0e28ed072d6c444aa6f02e64955b44c6,0.907197
08a04363ed37468191357b12b4afa016,77c8b175ca9d411b8d28d1ed0dc40304,0.865508
62e089fa066d404daadaf7ab2e75f3c4,d445ccdb4cda497e9f0343a3298022d2,0.993394
62e089fa066d404daadaf7ab2e75f3c4,08ecf89bc10942a4bd894482f6fcdfa7,0.949075
62e089fa066d404daadaf7ab2e75f3c4,77c8b175ca9d411b8d28d1ed0dc40304,0.927328
62e089fa066d404daadaf7ab2e75f3c4,0e28ed072d6c444aa6f02e64955b44c6,0.890892
772aba18a7014577b8975d8f66f55383,215f3d275db14601a0383885cbaad86e,0.952127
222088ceffe04fd9a94096cfb805d9aa,215f3d275db14601a0383885cbaad86e,0.949323
215fa8886dc743ea866c55c92e55275a,105ad424733e4cffa7c474b51e3980aa,0.986737
fb89d31587634cee9cf443d998d56245,105ad424733e4cffa7c474b51e3980aa,0.979406
a9c15421f19d4bfca5a2210dbafbd327,b4dadb3ea3a04cc3932094471debce13,0.970653
a9c15421f19d4bfca5a2210dbafbd327,7bbe3c76bcc04d73969f920d43fcc67d,0.912222
a9c15421f19d4bfca5a2210dbafbd327,e88ce4cd350f43398a5c0ab8629cee72,0.896610
a9c15421f19d4bfca5a2210dbafbd327,4a7fa5a1bafe4b6995e2920444ac07c4,0.894293
a9c15421f19d4bfca5a2210dbafbd327,26b18153216b48d793b75598ddb54d77,0.892303
405c71393da6481db0f9c471e6ff0b9f,b4dadb3ea3a04cc3932094471debce13,0.969526
405c71393da6481db0f9c471e6ff0b9f,7bbe3c76bcc04d73969f920d43fcc67d,0.906011
405c71393da6481db0f9c471e6ff0b9f,e88ce4cd350f43398a5c0ab8629cee72,0.893991
405c71393da6481db0f9c471e6ff0b9f,26b18153216b48d793b75598ddb54d77,0.891517
405c71393da6481db0f9c471e6ff0b9f,4a7fa5a1bafe4b6995e2920444ac07c4,0.890039
10672c8813224cd19e1b65d21bfbf3fc,e88ce4cd350f43398a5c0ab8629cee72,0.966596
10672c8813224cd19e1b65d21bfbf3fc,7bbe3c76bcc04d73969f920d43fcc67d,0.950268
10672c8813224cd19e1b65d21bfbf3fc,4a7fa5a1bafe4b6995e2920444ac07c4,0.896855
10672c8813224cd19e1b65d21bfbf3fc,b4dadb3ea3a04cc3932094471debce13,0.878927
10672c8813224cd19e1b65d21bfbf3fc,26b18153216b48d793b75598ddb54d77,0.867630
380188fc5ffb4a8db6256661aefa22ee,7bbe3c76bcc04d73969f920d43fcc67d,0.994372
380188fc5ffb4a8db6256661aefa22ee,e88ce4cd350f43398a5c0ab8629cee72,0.936856
380188fc5ffb4a8db6256661aefa22ee,b4dadb3ea3a04cc3932094471debce13,0.904505
380188fc5ffb4a8db6256661aefa22ee,4a7fa5a1bafe4b6995e2920444ac07c4,0.898278
380188fc5ffb4a8db6256661aefa22ee,26b18153216b48d793b75598ddb54d77,0.873252
78bedef4e219493c8b9a059437b0c690,7bbe3c76bcc04d73969f920d43fcc67d,0.993806
78bedef4e219493c8b9a059437b0c690,e88ce4cd350f43398a5c0ab8629cee72,0.936750
78bedef4e219493c8b9a059437b0c690,b4dadb3ea3a04cc3932094471debce13,0.912763
78bedef4e219493c8b9a059437b0c690,4a7fa5a1bafe4b6995e2920444ac07c4,0.891141
78bedef4e219493c8b9a059437b0c690,26b18153216b48d793b75598ddb54d77,0.870580
a73bf22ed53e478bbdb05661b2bb34bb,b23a9c50eada4286a4f7ce8668b92db1,0.956351
a73bf22ed53e478bbdb05661b2bb34bb,64e74af099b0485f8b6e71ac73aa2cb8,0.872784
f8807fdc0c904075885c336e24827732,1393dac7d34b4c34b1a8091a5bea3663,0.995966
f8807fdc0c904075885c336e24827732,64e74af099b0485f8b6e71ac73aa2cb8,0.901556
c21fcb50e9a24b558b8fcc3a2d0f2042,64e74af099b0485f8b6e71ac73aa2cb8,0.984782
c21fcb50e9a24b558b8fcc3a2d0f2042,b23a9c50eada4286a4f7ce8668b92db1,0.881305
c21fcb50e9a24b558b8fcc3a2d0f2042,1393dac7d34b4c34b1a8091a5bea3663,0.879023
0e4f6fd8c126417aad3dfe97ea1dee56,ec5fe0d3a2a2426ea4e49a5c0ad44e04,0.995674
0e4f6fd8c126417aad3dfe97ea1dee56,beccee3a988f48c1ad207e2380766fa4,0.969445
0e4f6fd8c126417aad3dfe97ea1dee56,10b152bdafe94db8a93f7c374226a071,0.938692
0e4f6fd8c126417aad3dfe97ea1dee56,aaab880f032a4e00904cf50566164044,0.937099
0e4f6fd8c126417aad3dfe97ea1dee56,40f040fd5c824c8e8e710af1fdf70b5f,0.934777
0e4f6fd8c126417aad3dfe97ea1dee56,7f5b658239034d35b7f4cf1c63cb388c,0.868921
11fd1036e3764df2a694b62f3f7a04ca,beccee3a988f48c1ad207e2380766fa4,0.987625
11fd1036e3764df2a694b62f3f7a04ca,ec5fe0d3a2a2426ea4e49a5c0ad44e04,0.962871
11fd1036e3764df2a694b62f3f7a04ca,aaab880f032a4e00904cf50566164044,0.946077
11fd1036e3764df2a694b62f3f7a04ca,40f040fd5c824c8e8e710af1fdf70b5f,0.939423
11fd1036e3764df2a694b62f3f7a04ca,10b152bdafe94db8a93f7c374226a071,0.926564
11fd1036e3764df2a694b62f3f7a04ca,7f5b658239034d35b7f4cf1c63cb388c,0.865929
16f482cec0e0411f8a1d2610a2aacb63,beccee3a988f48c1ad207e2380766fa4,0.991003
16f482cec0e0411f8a1d2610a2aacb63,ec5fe0d3a2a2426ea4e49a5c0ad44e04,0.966538
16f482cec0e0411f8a1d2610a2aacb63,aaab880f032a4e00904cf50566164044,0.947144
16f482cec0e0411f8a1d2610a2aacb63,40f040fd5c824c8e8e710af1fdf70b5f,0.946898
16f482cec0e0411f8a1d2610a2aacb63,10b152bdafe94db8a93f7c374226a071,0.934451
16f482cec0e0411f8a1d2610a2aacb63,7f5b658239034d35b7f4cf1c63cb388c,0.867322
cd59d2d18bf04a6a901a0110f5fc4b13,ec5fe0d3a2a2426ea4e49a5c0ad44e04,0.996374
cd59d2d18bf04a6a901a0110f5fc4b13,beccee3a988f48c1ad207e2380766fa4,0.970210
cd59d2d18bf04a6a901a0110f5fc4b13,aaab880f032a4e00904cf50566164044,0.939648
cd59d2d18bf04a6a901a0110f5fc4b13,10b152bdafe94db8a93f7c374226a071,0.938860
cd59d2d18bf04a6a901a0110f5fc4b13,40f040fd5c824c8e8e710af1fdf70b5f,0.935232
cd59d2d18bf04a6a901a0110f5fc4b13,7f5b658239034d35b7f4cf1c63cb388c,0.871378
a3447d7a1b25452ab7eb7228d9426dbb,887e323cc38f4cf8adc5970617f1c286,0.974430
a3447d7a1b25452ab7eb7228d9426dbb,116f6c1f0cb54312986a0a729508a33e,0.882855
a3447d7a1b25452ab7eb7228d9426dbb,fe363cef357840fcb35f320fe7c27e4e,0.868705
a3447d7a1b25452ab7eb7228d9426dbb,8ad1f345ca194b29bde0a924f27b2de5,0.866630
a3447d7a1b25452ab7eb7228d9426dbb,13aca0959cc948cabeee0d7255f55a65,0.862865
bc979d6c4eac47c3bd21510ffe22054c,91f0da6d71574ababd8e868bddec9310,0.989463
bc979d6c4eac47c3bd21510ffe22054c,116f6c1f0cb54312986a0a729508a33e,0.889049
8033dc78a96946859252dbe5da10286d,d695b7afdc3841a28a56df578e56afce,0.996534
8033dc78a96946859252dbe5da10286d,e12ad1ce8e7940a999b9a4f91a95fab7,0.890639
8033dc78a96946859252dbe5da10286d,6ea31a945d494834a3d243f1f90af02a,0.857237
01ac48c3001b4c44a7b582ac608de711,e12ad1ce8e7940a999b9a4f91a95fab7,0.988039
01ac48c3001b4c44a7b582ac608de711,d695b7afdc3841a28a56df578e56afce,0.894363
01ac48c3001b4c44a7b582ac608de711,6866efc8987a4ec8b04b7abd28fb5777,0.874435
01ac48c3001b4c44a7b582ac608de711,ccb62901750b4d13a922fc161b607f83,0.848348
7c0d5434c5bc489793133ad27a07f74e,e12ad1ce8e7940a999b9a4f91a95fab7,0.983534
7c0d5434c5bc489793133ad27a07f74e,d695b7afdc3841a28a56df578e56afce,0.897676
7c0d5434c5bc489793133ad27a07f74e,6866efc8987a4ec8b04b7abd28fb5777,0.858711
37c59c24c4b344198d9d5abcdf597519,d695b7afdc3841a28a56df578e56afce,0.955339
37c59c24c4b344198d9d5abcdf597519,6ea31a945d494834a3d243f1f90af02a,0.873390
70b93f2c45f0428a89fc7fd8ce0b6106,6ea31a945d494834a3d243f1f90af02a,0.993911
70b93f2c45f0428a89fc7fd8ce0b6106,d695b7afdc3841a28a56df578e56afce,0.863741
b1b978d0d5a04bd69d56ef30d2af57e3,eb21a4e2b7bd43efbdf0c365415e7fef,0.868011
c63f586816974c308053ab40652e867f,eb21a4e2b7bd43efbdf0c365415e7fef,0.876932
6ea9898485944849b1119856b900eee9,eb21a4e2b7bd43efbdf0c365415e7fef,0.960094
e3fbe9aa3f674b32824114cc216c78ae,a5365055a36a4ec1bf5b0ce2ef949a35,0.975279
db1e964f321c4227b0b29f870ee1f47e,f69dcaceb6074ddebfe1dc7e5978fcff,0.965011
db1e964f321c4227b0b29f870ee1f47e,ffc5805e29a74be0a55b40318aa321d7,0.873956
db1e964f321c4227b0b29f870ee1f47e,8d595c7da42545c88052e7b213b6c97c,0.871105
8b132fbf58574d90aa4cf5ddc704b658,f69dcaceb6074ddebfe1dc7e5978fcff,0.962180
8b132fbf58574d90aa4cf5ddc704b658,ffc5805e29a74be0a55b40318aa321d7,0.869250
8b132fbf58574d90aa4cf5ddc704b658,8d595c7da42545c88052e7b213b6c97c,0.856239
8cb387b1679843169efe77577286098c,ffc5805e29a74be0a55b40318aa321d7,0.982568
8cb387b1679843169efe77577286098c,f69dcaceb6074ddebfe1dc7e5978fcff,0.875735
8cb387b1679843169efe77577286098c,8d595c7da42545c88052e7b213b6c97c,0.867146
bd22a678c6cc469fbcd9725604a12326,ffc5805e29a74be0a55b40318aa321d7,0.984163
bd22a678c6cc469fbcd9725604a12326,8d595c7da42545c88052e7b213b6c97c,0.872457
bd22a678c6cc469fbcd9725604a12326,f69dcaceb6074ddebfe1dc7e5978fcff,0.862874
ee15d39bccb6404eb47fcb884d906454,bc607fd6000b43108e49b3d05688fe90,0.985440
ee15d39bccb6404eb47fcb884d906454,7e8a4a43e2f84dbb88e41cb24b3fe79f,0.917768
ee15d39bccb6404eb47fcb884d906454,c74557a980e2428a9ffcc245278df692,0.882731
ee15d39bccb6404eb47fcb884d906454,5e2f1a45f7174f1aa39a194179985876,0.857040
ccb86f144be341ac9a6ff07647fc1e2f,31cf7db26a3249c5a6205b005662ddcf,0.973446
de734ca5438c4b22a9e1d7e170c3c57c,7e8a4a43e2f84dbb88e41cb24b3fe79f,0.955815
de734ca5438c4b22a9e1d7e170c3c57c,bc607fd6000b43108e49b3d05688fe90,0.922095
de734ca5438c4b22a9e1d7e170c3c57c,5e2f1a45f7174f1aa39a194179985876,0.849939
de734ca5438c4b22a9e1d7e170c3c57c,c74557a980e2428a9ffcc245278df692,0.843496
1b14bef50f7c4e24afcc755f17cc10df,7e8a4a43e2f84dbb88e41cb24b3fe79f,0.941245
1b14bef50f7c4e24afcc755f17cc10df,bc607fd6000b43108e49b3d05688fe90,0.901645
1b14bef50f7c4e24afcc755f17cc10df,5e2f1a45f7174f1aa39a194179985876,0.847200
18283806841d46c39db8e7fd20713c52,36472797459c462e910846109fa624fc,0.870263
5e304e02eba04f73a50005680ad397d9,36472797459c462e910846109fa624fc,0.962527
5e304e02eba04f73a50005680ad397d9,8af25c7ae8e14435a6e27a5671968f50,0.853105
17746de5e371420092452c78a59017b4,7879fa4d4db046a2a8d195311b6e5789,0.904500
17746de5e371420092452c78a59017b4,bb84a4cf60c84a8d8e23276b1863d293,0.880559
17746de5e371420092452c78a59017b4,66cba49431224a3788f914d6a80165e1,0.852970
17746de5e371420092452c78a59017b4,4c293487c809486585d65ed10b2cb1e4,0.848477
496cf23a51bc496da75e8ef2f4847bd2,bb84a4cf60c84a8d8e23276b1863d293,0.967044
62d8c95fb6f24a1db3cd303bb5b85396,7879fa4d4db046a2a8d195311b6e5789,0.916292
62d8c95fb6f24a1db3cd303bb5b85396,bb84a4cf60c84a8d8e23276b1863d293,0.872009
fa8048c81669437cb087918eab24b02b,be42a43f5186434db4f2815f768a9991,0.965791
fa8048c81669437cb087918eab24b02b,d60986f4025d443ea58adba0e3d224a1,0.864440
fa8048c81669437cb087918eab24b02b,e9428816b054499298745b742f128f65,0.848075
b7d522798dc7498da4a40704cbb65a53,bb5c7d03a54647d08b8c62deeb803271,0.993557
23701e1499d04d6f890fffb1a8d95746,bb5c7d03a54647d08b8c62deeb803271,0.993803
d8e490c2dc4e457291f1e7bb4ca941f2,be42a43f5186434db4f2815f768a9991,0.966256
d8e490c2dc4e457291f1e7bb4ca941f2,d60986f4025d443ea58adba0e3d224a1,0.871058
d8e490c2dc4e457291f1e7bb4ca941f2,e9428816b054499298745b742f128f65,0.856593
e2c006dd97304dc5b599c8334ea91da4,f69bf682935e47e1b4c72d237becd13a,0.972139
180a003741a9400fb647528c1b5bcccf,42b6af4853fc465f83ec054f8f8289a4,0.964912
180a003741a9400fb647528c1b5bcccf,563043f180e54e238ad4876974e5db4c,0.918689
d9c92c59d5aa4726b77e009485c2ea31,42b6af4853fc465f83ec054f8f8289a4,0.982743
d9c92c59d5aa4726b77e009485c2ea31,563043f180e54e238ad4876974e5db4c,0.916992
11ce9ba7b6bc4478a9c51c05eeca19e6,94ed54abfdc74b04b0dcb19c278e66f4,0.991713
11ce9ba7b6bc4478a9c51c05eeca19e6,2d43cf91509846e29ab4febd7781919f,0.912002
95a503cfa55a48d6a01d293cc25399c0,2d43cf91509846e29ab4febd7781919f,0.988212
95a503cfa55a48d6a01d293cc25399c0,94ed54abfdc74b04b0dcb19c278e66f4,0.893203
fdd0fecc1fbd4f8da6683ae92d766e3f,94ed54abfdc74b04b0dcb19c278e66f4,0.984392
fdd0fecc1fbd4f8da6683ae92d766e3f,2d43cf91509846e29ab4febd7781919f,0.889601
a63b30ed19774ee7bd8c65b80994011f,2d43cf91509846e29ab4febd7781919f,0.989765
a63b30ed19774ee7bd8c65b80994011f,94ed54abfdc74b04b0dcb19c278e66f4,0.911385
b7ee6050d7ff433da190380cbf6c568b,55c0b899937042c98162389b209aca7f,0.983072
b7ee6050d7ff433da190380cbf6c568b,df0c94234d9d4890b5b4b95c441b3e9a,0.923810
b7ee6050d7ff433da190380cbf6c568b,79721c9bb6a54ecdb3d0a0f4011762c1,0.853881
9f79b85612a8457c9560f5188ba8de80,5605fa1188974644937bbf92fec50e21,0.905336
9f79b85612a8457c9560f5188ba8de80,79721c9bb6a54ecdb3d0a0f4011762c1,0.864654
92842816932b4cedaf43f4075a7295f8,df0c94234d9d4890b5b4b95c441b3e9a,0.889756
92842816932b4cedaf43f4075a7295f8,55c0b899937042c98162389b209aca7f,0.880655
92842816932b4cedaf43f4075a7295f8,79721c9bb6a54ecdb3d0a0f4011762c1,0.876677
0ba88aef47574c8397c6bafc945b9a6d,7daa434073604cb98a04fefb55468dda,0.984986
0ba88aef47574c8397c6bafc945b9a6d,361f2b7f3f044907b3a331872fb18755,0.929075
908bfd5077a44b398cdda1f6b068ef55,7daa434073604cb98a04fefb55468dda,0.979974
908bfd5077a44b398cdda1f6b068ef55,361f2b7f3f044907b3a331872fb18755,0.930015
a165443e0d954522807ce0ab172fcdc5,361f2b7f3f044907b3a331872fb18755,0.983175
a165443e0d954522807ce0ab172fcdc5,7daa434073604cb98a04fefb55468dda,0.919257
f9f0efaa4a6142a7919a132744822ef4,dd77b570036f40de9fdf49011bb9e2d8,0.942449
f9f0efaa4a6142a7919a132744822ef4,39a08a87897f47d3bdbbdc5ed8c9cd7f,0.844840
095cc723607c4786bac59694c8e22fac,39a08a87897f47d3bdbbdc5ed8c9cd7f,0.979539
095cc723607c4786bac59694c8e22fac,dd77b570036f40de9fdf49011bb9e2d8,0.872056
f975925d733d40bd99cdc31b176a5add,26869cc099c44c4a86f6043476ab4890,0.959914
f71566d731d04b0fa7d5306ca6d5d1a3,39a08a87897f47d3bdbbdc5ed8c9cd7f,0.972591
f71566d731d04b0fa7d5306ca6d5d1a3,dd77b570036f40de9fdf49011bb9e2d8,0.884523
1869a01128ef42e787aac2c1e61067fd,ca544e6629b14e8fab5f7cb40d1ac88e,0.857381
4e741c03bcf2485b841a422cf7af28e7,ca544e6629b14e8fab5f7cb40d1ac88e,0.857532
3b718c2254b44a6b98577df37cfcf2e6,19098957d8c24cab95daa30c2baefd8f,0.946088
3b718c2254b44a6b98577df37cfcf2e6,8b038cd0dafd45d8b1ce75177ca3a76b,0.889262
3b718c2254b44a6b98577df37cfcf2e6,cdd73e0289aa4e2b87cd14e6ff5bd75e,0.884393
3b718c2254b44a6b98577df37cfcf2e6,50a2129b83404b94889a01f4688ebafd,0.868326
3b718c2254b44a6b98577df37cfcf2e6,0eb119aabc884795a4768c6d3e677ea1,0.853301
3b718c2254b44a6b98577df37cfcf2e6,1419b2c686f44896a0ae2a43e93b5402,0.843616
5c555c29b0864fed9559512fc8b56e7e,19098957d8c24cab95daa30c2baefd8f,0.942868
5c555c29b0864fed9559512fc8b56e7e,8b038cd0dafd45d8b1ce75177ca3a76b,0.936980
5c555c29b0864fed9559512fc8b56e7e,cdd73e0289aa4e2b87cd14e6ff5bd75e,0.864342
62c7211abab24fcca853aeb2813a880d,9460474d89704a68aaa6ccb62310ae3d,0.961038
0883118ad1b2497ab0b9df2a1e2b16b9,9460474d89704a68aaa6ccb62310ae3d,0.953386
f79a2bf431ab4c86b494e19d1845d00c,c66c6f1449d44728a2ef72de53dd6d5e,0.988979
a57e9b989c854296a345aa9dea1c5cb4,3f1c2bb09c4e4400b6ba19542fafce18,0.980385
8c894f4ececa48fe8b64acf34a77674e,c66c6f1449d44728a2ef72de53dd6d5e,0.988126
8257521498a64a9fb7b41143b713373b,1027a336232c4454a9c4ae450a562788,0.989500
8257521498a64a9fb7b41143b713373b,19a124c6dad14a4fa7864463b081009c,0.951429
8257521498a64a9fb7b41143b713373b,c65af18670ea437c8986884645b3afe9,0.898787
78188b8c0642428fb591262e5d86ce6d,19a124c6dad14a4fa7864463b081009c,0.959656
78188b8c0642428fb591262e5d86ce6d,1027a336232c4454a9c4ae450a562788,0.943928
78188b8c0642428fb591262e5d86ce6d,c65af18670ea437c8986884645b3afe9,0.933264
03d5ce4601154cbdad2bd459235427ad,1027a336232c4454a9c4ae450a562788,0.991527
03d5ce4601154cbdad2bd459235427ad,19a124c6dad14a4fa7864463b081009c,0.944214
03d5ce4601154cbdad2bd459235427ad,c65af18670ea437c8986884645b3afe9,0.906944
e46f5e15b5ba480db90f0be1f5c6b070,c65af18670ea437c8986884645b3afe9,0.991102
e46f5e15b5ba480db90f0be1f5c6b070,19a124c6dad14a4fa7864463b081009c,0.940500
e46f5e15b5ba480db90f0be1f5c6b070,1027a336232c4454a9c4ae450a562788,0.886658
0e8d635cc3e241ddbe108bab5a0f863f,c65af18670ea437c8986884645b3afe9,0.947729
0e8d635cc3e241ddbe108bab5a0f863f,19a124c6dad14a4fa7864463b081009c,0.896220
0e8d635cc3e241ddbe108bab5a0f863f,1027a336232c4454a9c4ae450a562788,0.895159
b6a711f4ec9b4b1bb1bcd06f684f9c22,24c55bb5cd694770ba895c7401da2ba5,0.948689
b6a711f4ec9b4b1bb1bcd06f684f9c22,097f2ce3b88c4d008488b9908076497e,0.894074
10346a6c05be419ba2fd6398a619c44e,24c55bb5cd694770ba895c7401da2ba5,0.961511
10346a6c05be419ba2fd6398a619c44e,097f2ce3b88c4d008488b9908076497e,0.879992
c2b5ae1e1c2c49d39e7b25d5660dfc10,24c55bb5cd694770ba895c7401da2ba5,0.937492
c2b5ae1e1c2c49d39e7b25d5660dfc10,097f2ce3b88c4d008488b9908076497e,0.886816
4a7c88e745974776bdca788eeafcb775,24c55bb5cd694770ba895c7401da2ba5,0.937726
4a7c88e745974776bdca788eeafcb775,097f2ce3b88c4d008488b9908076497e,0.895495
350aae48399c41099ec9c648db89df25,0ecfdd96e0054841883acba75e83b232,0.983313
350aae48399c41099ec9c648db89df25,764b8280445d4023aecaa53cf7758932,0.847613
09b37860da4b43c98172983e0ca57104,764b8280445d4023aecaa53cf7758932,0.925292
1a78505b4d0640aa9f35eb528818e54d,764b8280445d4023aecaa53cf7758932,0.903219
1a78505b4d0640aa9f35eb528818e54d,0ecfdd96e0054841883acba75e83b232,0.857131
b2decece9a254aa29e885325d7e10a91,764b8280445d4023aecaa53cf7758932,0.916615
b2decece9a254aa29e885325d7e10a91,0ecfdd96e0054841883acba75e83b232,0.856379
1ba78638d99a453298a17f233049c981,c1d504dfeded4b8bb3c07777b7c7abde,0.973203
e796ebb3bb6040dfb158ab774e2073f5,ab57f83304bc4005998bbd6bc063fb4f,0.977878
1ee672ab946e4272a171ede24ff00adb,c1d504dfeded4b8bb3c07777b7c7abde,0.968046
c93b2527aefe464c88f83b2c5c05a5f3,ab57f83304bc4005998bbd6bc063fb4f,0.945529
c93b2527aefe464c88f83b2c5c05a5f3,b3209c60460a437294e2b30a9e9d3f53,0.842231
6ba0f16f8a794139aa559865c689f392,de6ac628a786435f9925c8cc1d707d6b,0.969276
6ba0f16f8a794139aa559865c689f392,4422777ed51142a99aacf05f446cfea1,0.885402
011e2395f6a74299aafef3ad4c6e1bd5,4422777ed51142a99aacf05f446cfea1,0.990035
011e2395f6a74299aafef3ad4c6e1bd5,de6ac628a786435f9925c8cc1d707d6b,0.889324
e213427aa5fa426b826fb892aee20bcd,984058b7165d4c6385bec3c94afa9fb2,0.985269
4d0df524bcae4a17b817d5eb1edde03d,984058b7165d4c6385bec3c94afa9fb2,0.973311
2382285186b14233b2a574461eead3a9,b277101390e1465685ef79bf3519f8d7,0.956449
91918319e16747aa9a1d9dd6b13b960e,b277101390e1465685ef79bf3519f8d7,0.990794
de360956bf524b1783abb303a77d92b5,9daaefe080b34656a0c7a54d2d6a1713,0.943829
de360956bf524b1783abb303a77d92b5,0592b57e490d4206a3f12eb004a0afe0,0.897018
de360956bf524b1783abb303a77d92b5,b52468fc0af2435f9ba91939f72bbf6a,0.870357
de360956bf524b1783abb303a77d92b5,bc13c2b0221744a29a8ddf56aa015df9,0.867679
de360956bf524b1783abb303a77d92b5,ca0fe2dd97434e2ca7aecc38d4f1fcd9,0.865391
de360956bf524b1783abb303a77d92b5,b40d3c588ad647ff85e397a6bc5f9d8b,0.841418
18eca8b91ef14435a8d3dc3cf888e60d,0592b57e490d4206a3f12eb004a0afe0,0.928996
18eca8b91ef14435a8d3dc3cf888e60d,b40d3c588ad647ff85e397a6bc5f9d8b,0.911665
18eca8b91ef14435a8d3dc3cf888e60d,89e983dca0a34b768e17b3871b9cea1e,0.882279
71a406ea72c94b068788a3f7435fb47e,0592b57e490d4206a3f12eb004a0afe0,0.935628
71a406ea72c94b068788a3f7435fb47e,b40d3c588ad647ff85e397a6bc5f9d8b,0.918833
71a406ea72c94b068788a3f7435fb47e,89e983dca0a34b768e17b3871b9cea1e,0.901237
71a406ea72c94b068788a3f7435fb47e,bc13c2b0221744a29a8ddf56aa015df9,0.855983
71a406ea72c94b068788a3f7435fb47e,9daaefe080b34656a0c7a54d2d6a1713,0.852298
d67d3ded66fd47dcbd06a4e0d110046a,0cdb0f32850f4585a16de4886462bbe0,0.975882
d67d3ded66fd47dcbd06a4e0d110046a,403835bbf2f1447188bcc78e062b0028,0.899565
d67d3ded66fd47dcbd06a4e0d110046a,d0e41bf891254ba0872f1641139f84f6,0.859581
a1ee60380a8341b4a22b01efc9c91484,0cdb0f32850f4585a16de4886462bbe0,0.983794
a1ee60380a8341b4a22b01efc9c91484,403835bbf2f1447188bcc78e062b0028,0.917046
a2c9e517dc6d4e6bbbfc226aa45adb37,403835bbf2f1447188bcc78e062b0028,0.953768
a2c9e517dc6d4e6bbbfc226aa45adb37,0cdb0f32850f4585a16de4886462bbe0,0.922010
94e80e2185c943e49ef7d81012376cbc,3356a8a8c6ee4f30bc2b028e360d4471,0.985537
94e80e2185c943e49ef7d81012376cbc,4a3d4daed4b24a1898551f0fd1ba44f1,0.948866
94e80e2185c943e49ef7d81012376cbc,5a6f4a2f7f6a4b1fa146493472e6d721,0.937302
dc79be5806cf4fa1b7fdf18adcb8af3d,4a3d4daed4b24a1898551f0fd1ba44f1,0.984141
dc79be5806cf4fa1b7fdf18adcb8af3d,3356a8a8c6ee4f30bc2b028e360d4471,0.943651
dc79be5806cf4fa1b7fdf18adcb8af3d,5a6f4a2f7f6a4b1fa146493472e6d721,0.917245
7301669f98674b658396f1d96eaf98d3,3356a8a8c6ee4f30bc2b028e360d4471,0.940469
7301669f98674b658396f1d96eaf98d3,5a6f4a2f7f6a4b1fa146493472e6d721,0.922059
7301669f98674b658396f1d96eaf98d3,4a3d4daed4b24a1898551f0fd1ba44f1,0.891404
8d37ca8985e84bd297602e977ec9487a,4a3d4daed4b24a1898551f0fd1ba44f1,0.984024
8d37ca8985e84bd297602e977ec9487a,3356a8a8c6ee4f30bc2b028e360d4471,0.955281
8d37ca8985e84bd297602e977ec9487a,5a6f4a2f7f6a4b1fa146493472e6d721,0.922955
d7577481d2284677970ac7a876a6d295,3356a8a8c6ee4f30bc2b028e360d4471,0.991189
d7577481d2284677970ac7a876a6d295,4a3d4daed4b24a1898551f0fd1ba44f1,0.945938
d7577481d2284677970ac7a876a6d295,5a6f4a2f7f6a4b1fa146493472e6d721,0.932907
499f89e2519849bfbdcfb7f09d470c08,44156e6482884acaaee1938e04d8b6ff,0.982251
499f89e2519849bfbdcfb7f09d470c08,796eade2ee4f466781d9f6669db43e48,0.897607
1e4b598167924e35b74d3da0df1f2de1,796eade2ee4f466781d9f6669db43e48,0.986864
1e4b598167924e35b74d3da0df1f2de1,44156e6482884acaaee1938e04d8b6ff,0.901867
c7bd4b551343446fb8edc262aec1a374,796eade2ee4f466781d9f6669db43e48,0.994030
c7bd4b551343446fb8edc262aec1a374,44156e6482884acaaee1938e04d8b6ff,0.910156
219b73b7828646f9bb608aec046837ee,44156e6482884acaaee1938e04d8b6ff,0.992878
219b73b7828646f9bb608aec046837ee,796eade2ee4f466781d9f6669db43e48,0.907001
9d11ca9aa5d24f68aab627b9e93e698b,3138244ae91040948d5bd6772e4075ea,0.994942
9d11ca9aa5d24f68aab627b9e93e698b,70558882c04e46bd99d15e9786468418,0.909798
cc89d7fa93924af1a154d57f1f1cfbc3,70558882c04e46bd99d15e9786468418,0.987761
cc89d7fa93924af1a154d57f1f1cfbc3,3138244ae91040948d5bd6772e4075ea,0.918341
a3a0aa5e67f44552af621d1abeb18c13,3138244ae91040948d5bd6772e4075ea,0.986346
a3a0aa5e67f44552af621d1abeb18c13,70558882c04e46bd99d15e9786468418,0.897548
2832c5b8870946c69ac69731c0ec1d68,70558882c04e46bd99d15e9786468418,0.909071
2832c5b8870946c69ac69731c0ec1d68,3138244ae91040948d5bd6772e4075ea,0.874895
1403f18946f64e94915e337242ec189f,556743bab70d4b75bafcf192fef95b16,0.987647
104c41a52ade420c9d3dac7c3c0aaf80,be9e713988ba4bbba869885cad419259,0.960842
e8a3dc97d68d46b6b42514168c735abb,be9e713988ba4bbba869885cad419259,0.959843
d93d116f2e364d0c956fe7f93f434129,cd6ce920d00e4d17a6cf04f9f7e550b7,0.935459
d93d116f2e364d0c956fe7f93f434129,6b7b5d28293d4a5a8075f7f7dd231ddb,0.871507
8b13db18ea734cf391e49a434b75757e,6b7b5d28293d4a5a8075f7f7dd231ddb,0.967610
8b13db18ea734cf391e49a434b75757e,cd6ce920d00e4d17a6cf04f9f7e550b7,0.850618
8b13db18ea734cf391e49a434b75757e,f335a944a27a4504a82ecf70c2d4a5e4,0.844842
89345620586f45b098d21a0c401cf8d7,cd6ce920d00e4d17a6cf04f9f7e550b7,0.980154
89345620586f45b098d21a0c401cf8d7,6b7b5d28293d4a5a8075f7f7dd231ddb,0.841211
8169f7fd48544fa082dae25d882a787a,6b7b5d28293d4a5a8075f7f7dd231ddb,0.978557
8169f7fd48544fa082dae25d882a787a,cd6ce920d00e4d17a6cf04f9f7e550b7,0.851351
7de9406e3c12409081f8c0ebc2127441,a35d7304347a4f81b1ccfb086956921c,0.992256
7de9406e3c12409081f8c0ebc2127441,0433768f874042a5b2d2e37ad9deae13,0.909387
7de9406e3c12409081f8c0ebc2127441,f92d16d3a970487094292439c3e00923,0.908845
7de9406e3c12409081f8c0ebc2127441,2f0401170d104b47b0a8f087f69dee88,0.901238
7de9406e3c12409081f8c0ebc2127441,b675be39e8ff421aa59811f146da945b,0.882379
d5f199eff49445b491565e80e55f8e53,b675be39e8ff421aa59811f146da945b,0.987536
d5f199eff49445b491565e80e55f8e53,2f0401170d104b47b0a8f087f69dee88,0.941025
d5f199eff49445b491565e80e55f8e53,f92d16d3a970487094292439c3e00923,0.940064
d5f199eff49445b491565e80e55f8e53,a35d7304347a4f81b1ccfb086956921c,0.895885
70e5632cb4e64b128fb44a897571245c,a35d7304347a4f81b1ccfb086956921c,0.990821
70e5632cb4e64b128fb44a897571245c,f92d16d3a970487094292439c3e00923,0.917255
70e5632cb4e64b128fb44a897571245c,0433768f874042a5b2d2e37ad9deae13,0.903939
70e5632cb4e64b128fb44a897571245c,2f0401170d104b47b0a8f087f69dee88,0.902367
70e5632cb4e64b128fb44a897571245c,b675be39e8ff421aa59811f146da945b,0.875620
aa61f461ceef43859129c5b33e8bd9a5,2f0401170d104b47b0a8f087f69dee88,0.970881
aa61f461ceef43859129c5b33e8bd9a5,b675be39e8ff421aa59811f146da945b,0.935495
aa61f461ceef43859129c5b33e8bd9a5,f92d16d3a970487094292439c3e00923,0.925755
aa61f461ceef43859129c5b33e8bd9a5,a35d7304347a4f81b1ccfb086956921c,0.895588
4095895ca5d6432d8c9ca23b6431250c,1ad0cf33e96243888d5f970195a75586,0.967183
04d06c5defde4dbf85a0c11fdd459eb8,1ad0cf33e96243888d5f970195a75586,0.988340
eef8e982ee854ffa9e9c5af62e17c155,ca1a2a6308834baba3140b5ce8f81320,0.989607
5a7d3f99251048e2ac81d5ea8c49c767,eeb3b60f34af40de850e065b475d8180,0.995975
5a7d3f99251048e2ac81d5ea8c49c767,1d70bc69b2f84bef9aa5fb0d9917e38d,0.902532
5a7d3f99251048e2ac81d5ea8c49c767,5d5baf5ce88b4b529e28ab9c7c114148,0.863035
5a7d3f99251048e2ac81d5ea8c49c767,db69f22fe72246ea85d33991961a649a,0.843240
eca00c36492249e08f99875a5e115d84,eeb3b60f34af40de850e065b475d8180,0.994922
eca00c36492249e08f99875a5e115d84,1d70bc69b2f84bef9aa5fb0d9917e38d,0.899706
eca00c36492249e08f99875a5e115d84,5d5baf5ce88b4b529e28ab9c7c114148,0.869401
92e3b7a540a547d8ba02bddf82f83380,1d70bc69b2f84bef9aa5fb0d9917e38d,0.985745
92e3b7a540a547d8ba02bddf82f83380,5d5baf5ce88b4b529e28ab9c7c114148,0.910930
92e3b7a540a547d8ba02bddf82f83380,eeb3b60f34af40de850e065b475d8180,0.909748
d5bfa4fffcc249fe89deb2d4410919b6,1d70bc69b2f84bef9aa5fb0d9917e38d,0.990412
d5bfa4fffcc249fe89deb2d4410919b6,eeb3b60f34af40de850e065b475d8180,0.909624
d5bfa4fffcc249fe89deb2d4410919b6,5d5baf5ce88b4b529e28ab9c7c114148,0.905222
578d9258cbf8456ba7d9f83130e02184,88353d1136d24836816b073de62e5f50,0.971621
578d9258cbf8456ba7d9f83130e02184,6fbdacd3d8814ea2a13e81ee1ec128f2,0.862141
281e458eef7b4d77b67d424744237fbc,88353d1136d24836816b073de62e5f50,0.991810
281e458eef7b4d77b67d424744237fbc,6fbdacd3d8814ea2a13e81ee1ec128f2,0.879540
7f6fdd98bfc5410fb6c4afa8786e0b48,452d645d5bf4485185e996dcec9523e5,0.928834
7f6fdd98bfc5410fb6c4afa8786e0b48,655a618282cd4fa39a26f0967c033f4b,0.927525
7f6fdd98bfc5410fb6c4afa8786e0b48,06a5f0cec6ce4170a02dad0ad4c55b1c,0.913092
7f6fdd98bfc5410fb6c4afa8786e0b48,60e87368fe334a92b57088b03cccbfc1,0.901222
7f6fdd98bfc5410fb6c4afa8786e0b48,595e438d2b394bb3a3259f47efd37ae8,0.841922
cb84a0b8bd52401daa4762d7975d4fc7,452d645d5bf4485185e996dcec9523e5,0.960790
cb84a0b8bd52401daa4762d7975d4fc7,655a618282cd4fa39a26f0967c033f4b,0.949674
cb84a0b8bd52401daa4762d7975d4fc7,60e87368fe334a92b57088b03cccbfc1,0.943930
cb84a0b8bd52401daa4762d7975d4fc7,06a5f0cec6ce4170a02dad0ad4c55b1c,0.900383
cb84a0b8bd52401daa4762d7975d4fc7,595e438d2b394bb3a3259f47efd37ae8,0.854852
cb84a0b8bd52401daa4762d7975d4fc7,e0d8aee46b1d4d998858cd05027251b6,0.853078
cb84a0b8bd52401daa4762d7975d4fc7,f0084465b2e646c9a53d9dc766067d9b,0.843326
05021100f4bb4885a338db368a83cc95,452d645d5bf4485185e996dcec9523e5,0.940314
05021100f4bb4885a338db368a83cc95,655a618282cd4fa39a26f0967c033f4b,0.934398
05021100f4bb4885a338db368a83cc95,06a5f0cec6ce4170a02dad0ad4c55b1c,0.918700
05021100f4bb4885a338db368a83cc95,60e87368fe334a92b57088b03cccbfc1,0.915798
f7ad8b57414846b993e2ca44f3962ff1,06a5f0cec6ce4170a02dad0ad4c55b1c,0.994202
f7ad8b57414846b993e2ca44f3962ff1,655a618282cd4fa39a26f0967c033f4b,0.928270
f7ad8b57414846b993e2ca44f3962ff1,452d645d5bf4485185e996dcec9523e5,0.918800
f7ad8b57414846b993e2ca44f3962ff1,60e87368fe334a92b57088b03cccbfc1,0.871426
750cd38aa39e4281ad616eddc8f5a983,48c31b1e2ce94de8968fab433813fa91,0.949868
750cd38aa39e4281ad616eddc8f5a983,c235728f290a44d6a5fc2e14111ae02e,0.880268
c81df43d512e4bcb85b00b5f6763f6cc,c235728f290a44d6a5fc2e14111ae02e,0.989227
c81df43d512e4bcb85b00b5f6763f6cc,48c31b1e2ce94de8968fab433813fa91,0.910581
a282371ee5c74dd98f0cada75271b7a7,48c31b1e2ce94de8968fab433813fa91,0.981872
a282371ee5c74dd98f0cada75271b7a7,c235728f290a44d6a5fc2e14111ae02e,0.905074
0dedf21ad5ea4607b710bc0cccbcc7b9,c235728f290a44d6a5fc2e14111ae02e,0.971420
0dedf21ad5ea4607b710bc0cccbcc7b9,48c31b1e2ce94de8968fab433813fa91,0.895681
aebc45203e45452db8eee17826ef2c46,e22e1ad3c1fc4493bcb7c9b923566ff7,0.986111
aebc45203e45452db8eee17826ef2c46,8228c9eb29a542ba98c8b9b854eadaa4,0.936155
3e10372aff9641bb88682abca29e907e,8228c9eb29a542ba98c8b9b854eadaa4,0.989601
3e10372aff9641bb88682abca29e907e,e22e1ad3c1fc4493bcb7c9b923566ff7,0.923667
9dce4a0759174753b62b3cb51b8fb679,d2a03ea4b2d3439ca3dc6fe056ab0f04,0.987952
5596e047713c4a59b1e70561fa034e37,b0236c76ae244fd8aacbea7da10e55ca,0.990272
6c348ea51c8b4750b956383a3b9a84c5,d2a03ea4b2d3439ca3dc6fe056ab0f04,0.993880
c56449c78d8549cd9d227e4693e51c7e,b0236c76ae244fd8aacbea7da10e55ca,0.988796
8a4a2cf4736e43f8b21f72daeffc76ee,29fb30a75c57451a85f310aa6423a662,0.990925
8a4a2cf4736e43f8b21f72daeffc76ee,73f684f538ea452cbb4fbecc2e8126a4,0.929349
f6bdc5e4c3894a41897ace2fe9061a90,73f684f538ea452cbb4fbecc2e8126a4,0.995608
f6bdc5e4c3894a41897ace2fe9061a90,29fb30a75c57451a85f310aa6423a662,0.916270
bf133adcf34f4470ae9ab34f8bcac84b,29fb30a75c57451a85f310aa6423a662,0.992611
bf133adcf34f4470ae9ab34f8bcac84b,73f684f538ea452cbb4fbecc2e8126a4,0.927452
198ce01eda8e4bc0b31c457e65ddc39b,73f684f538ea452cbb4fbecc2e8126a4,0.992710
198ce01eda8e4bc0b31c457e65ddc39b,29fb30a75c57451a85f310aa6423a662,0.926267
442c28225ce642b182163c39ab4c776b,31f80e4c87164e2893375ec7e73b372e,0.984928
442c28225ce642b182163c39ab4c776b,b85d652ba8d244f8ab9e941966094f28,0.889231
bc44523c44214d88ac687d8e05a28a8a,31f80e4c87164e2893375ec7e73b372e,0.963886
bc44523c44214d88ac687d8e05a28a8a,b85d652ba8d244f8ab9e941966094f28,0.919034
e41cc56f88244ce7a26e583bd54f506f,b85d652ba8d244f8ab9e941966094f28,0.992976
e41cc56f88244ce7a26e583bd54f506f,31f80e4c87164e2893375ec7e73b372e,0.926631
b6cd550fbc9a48008039483d12ad44eb,b85d652ba8d244f8ab9e941966094f28,0.958741
b6cd550fbc9a48008039483d12ad44eb,31f80e4c87164e2893375ec7e73b372e,0.906645
d425f86b0d264c76a6ff6edbbb718fd8,f7f600880b064920ab59b907d26aedc6,0.877941
a0ef1a7a1e304bfe91a8c12abf972c6c,d9096650c434432c871effeca9acd5c6,0.987526
a0ef1a7a1e304bfe91a8c12abf972c6c,0b57f893483647c3aed811775a4c4c04,0.917449
a0ef1a7a1e304bfe91a8c12abf972c6c,ba8d0208e32e42969bd4349cf24f6ed1,0.847744
d8ec79e0dcba49fcaa2e32c4a56d98fe,7f23e27e5652406784fdc2dea3918125,0.855851
88e851f978154b16a0a01f8df5255703,b69c17a10a55494d8caa56c33e8f4a56,0.989881
88e851f978154b16a0a01f8df5255703,7f23e27e5652406784fdc2dea3918125,0.870603
3ad82a6c3cc7421199dabde4d1c630d1,b69c17a10a55494d8caa56c33e8f4a56,0.843329
957fd0aaa98b49cd8b0aeeeff8fe554a,7f23e27e5652406784fdc2dea3918125,0.851223
3ae64cd8d99e463d84ad390f0770863a,8dfbb6a204a0441492c35baca6190969,0.980579
83caabc655aa413fa28ce75908fc82c3,8dfbb6a204a0441492c35baca6190969,0.993399
83caabc655aa413fa28ce75908fc82c3,57430214baf045cb92fa3b3b70a4ca3f,0.852190
b2a8b82d886042029e4d7b75f606d3f7,57430214baf045cb92fa3b3b70a4ca3f,0.994217
5ed3368f73bb44e6b4ad520a68661e92,57430214baf045cb92fa3b3b70a4ca3f,0.985498
55b8c9724a3a454c9e37de654b24d293,4926607aafe749538c930e108275547e,0.992039
515bbdb925064e5080053f5a3bfa72c2,f5b766ea6abe4b5fb27d49cc3bc06020,0.987594
515bbdb925064e5080053f5a3bfa72c2,4926607aafe749538c930e108275547e,0.843766
bd68648028064b068d1c788b7b8b35cf,4926607aafe749538c930e108275547e,0.979874
191675e5da5649c9ad0e649fba7469fd,f5b766ea6abe4b5fb27d49cc3bc06020,0.983264
191675e5da5649c9ad0e649fba7469fd,4926607aafe749538c930e108275547e,0.854135
917a01f6ae4049189b017ae05f4e8282,ef60b54aa4b5490890da32d0bb8c9cbf,0.993267
917a01f6ae4049189b017ae05f4e8282,c3a741d302d94ee294bb6e4090fd2da9,0.844632
8099552462944c5483e6c7e77019cd09,ef60b54aa4b5490890da32d0bb8c9cbf,0.963009
8099552462944c5483e6c7e77019cd09,c3a741d302d94ee294bb6e4090fd2da9,0.868400
69a7253a5317474a980b4e9538e2df59,cae139b6e4914ce7b0ef1e68b8b857eb,0.984454
54e1f0b191a74c1fbe587bd189dbefde,1232f20e710b448e8c0538b9e84dab1c,0.990235
eab46b3eacfd4c65a5d3acea93bcd635,cae139b6e4914ce7b0ef1e68b8b857eb,0.989080
77ba7373423f4871aa84b0e9e90558da,1232f20e710b448e8c0538b9e84dab1c,0.992617
ada711f5328244f298daf7e98150c7b2,ffe2740eee8c49b39b2ce41f9983bcb4,0.989401
b59f7290ee4240fba85223d721d2aefe,ffe2740eee8c49b39b2ce41f9983bcb4,0.988170
d8235671d5bc44ea9bb7b027f4c3bb3e,77ce0587a12b46bab8814225ba86753e,0.953392
d8235671d5bc44ea9bb7b027f4c3bb3e,71c1a8479b194efca65b44fb7f327afb,0.930204
518f59c8010c4dd48362de2cb03f5167,77ce0587a12b46bab8814225ba86753e,0.960817
518f59c8010c4dd48362de2cb03f5167,71c1a8479b194efca65b44fb7f327afb,0.909632
c313a0d413ec48a6a2cbd1df9d98d820,71c1a8479b194efca65b44fb7f327afb,0.987658
c313a0d413ec48a6a2cbd1df9d98d820,77ce0587a12b46bab8814225ba86753e,0.905300
83661848dd63461885371664f7c4bc51,71c1a8479b194efca65b44fb7f327afb,0.948884
83661848dd63461885371664f7c4bc51,77ce0587a12b46bab8814225ba86753e,0.927479
0b47b27e631a492c8956eba727078681,3e59b61eb70146308db2308b988b54cf,0.933810
0b47b27e631a492c8956eba727078681,14f4db886cca4104877ac7d1d7a64133,0.881261
0b47b27e631a492c8956eba727078681,a4af9472683c4df0a86f9400c99c2b61,0.849650
d0e0af0e83ea4c3b855152177e8295c4,a4af9472683c4df0a86f9400c99c2b61,0.993945
d0e0af0e83ea4c3b855152177e8295c4,98fbdf945d0c4206a48a4f7260e56017,0.931950
3c7adf3c0f6a48ddae27f1be8bf94c98,98fbdf945d0c4206a48a4f7260e56017,0.993795
3c7adf3c0f6a48ddae27f1be8bf94c98,a4af9472683c4df0a86f9400c99c2b61,0.930183
3c7adf3c0f6a48ddae27f1be8bf94c98,3e59b61eb70146308db2308b988b54cf,0.844459
9ece5d7b95974244a7560e0a5516708d,3e59b61eb70146308db2308b988b54cf,0.973641
9ece5d7b95974244a7560e0a5516708d,98fbdf945d0c4206a48a4f7260e56017,0.873932
6b69e25d73f148c98af914e308e2396e,3e59b61eb70146308db2308b988b54cf,0.993099
6b69e25d73f148c98af914e308e2396e,14f4db886cca4104877ac7d1d7a64133,0.861062
6b69e25d73f148c98af914e308e2396e,98fbdf945d0c4206a48a4f7260e56017,0.849567
f443d2b48e9f48748ed811a3ffbfeeb0,5e44915237fc4445b54b037e1c4e29a4,0.988174
f443d2b48e9f48748ed811a3ffbfeeb0,be8953cc364d46cebbcc2c2da2c348ab,0.921465
f443d2b48e9f48748ed811a3ffbfeeb0,7584980704ae4617bb27ca162cc9c5db,0.912902
f443d2b48e9f48748ed811a3ffbfeeb0,4e22dc65beb7450b9260cf27e50919e4,0.886271
f443d2b48e9f48748ed811a3ffbfeeb0,5fc200cab89346658c9c91cce27e85fe,0.861793
f443d2b48e9f48748ed811a3ffbfeeb0,e06d08ff594a4acbac12edf579743fcf,0.856013
ca49f30627f348ebb9db4ee0577e1d96,4e22dc65beb7450b9260cf27e50919e4,0.967431
ca49f30627f348ebb9db4ee0577e1d96,be8953cc364d46cebbcc2c2da2c348ab,0.901455
ca49f30627f348ebb9db4ee0577e1d96,7584980704ae4617bb27ca162cc9c5db,0.894510
ca49f30627f348ebb9db4ee0577e1d96,e06d08ff594a4acbac12edf579743fcf,0.885967
ca49f30627f348ebb9db4ee0577e1d96,5e44915237fc4445b54b037e1c4e29a4,0.878278
3edc2638f7bf459c90061b70e170d78e,4e22dc65beb7450b9260cf27e50919e4,0.957901
3edc2638f7bf459c90061b70e170d78e,be8953cc364d46cebbcc2c2da2c348ab,0.903031
3edc2638f7bf459c90061b70e170d78e,5e44915237fc4445b54b037e1c4e29a4,0.901659
3edc2638f7bf459c90061b70e170d78e,7584980704ae4617bb27ca162cc9c5db,0.899137
3edc2638f7bf459c90061b70e170d78e,e06d08ff594a4acbac12edf579743fcf,0.879674
4241e3037cc4416b9760a32dc49b4d49,5e44915237fc4445b54b037e1c4e29a4,0.961273
4241e3037cc4416b9760a32dc49b4d49,be8953cc364d46cebbcc2c2da2c348ab,0.907338
4241e3037cc4416b9760a32dc49b4d49,7584980704ae4617bb27ca162cc9c5db,0.905019
4241e3037cc4416b9760a32dc49b4d49,4e22dc65beb7450b9260cf27e50919e4,0.874707
4241e3037cc4416b9760a32dc49b4d49,e06d08ff594a4acbac12edf579743fcf,0.855426
4241e3037cc4416b9760a32dc49b4d49,5fc200cab89346658c9c91cce27e85fe,0.846590
2c1eb27749b548ee9cc13137105c60f9,21019944fc2c4838a682a6dcdc62c4ef,0.969642
2c1eb27749b548ee9cc13137105c60f9,e4ee90d625d44a6d9adc138390eef0f8,0.844229
879584d5b62041dfb4cfbb779df86357,e4ee90d625d44a6d9adc138390eef0f8,0.979840
879584d5b62041dfb4cfbb779df86357,21019944fc2c4838a682a6dcdc62c4ef,0.846040
f21b02728ff6484fb3fd4a60399ab492,e4ee90d625d44a6d9adc138390eef0f8,0.983613
f21b02728ff6484fb3fd4a60399ab492,21019944fc2c4838a682a6dcdc62c4ef,0.848357
d8456095cf7c4204a086a014ff2b3c14,21019944fc2c4838a682a6dcdc62c4ef,0.991992
d8456095cf7c4204a086a014ff2b3c14,e4ee90d625d44a6d9adc138390eef0f8,0.854524
3afae5ea042d4934b4e05a905c277730,1c6bbf19b3d2498696a5baf0f53a0f18,0.991809
3afae5ea042d4934b4e05a905c277730,b2b22c673e554db39c8acdbe42687a6d,0.943807
c6c6941b06454b858b384b129f635fbc,b2b22c673e554db39c8acdbe42687a6d,0.997407
c6c6941b06454b858b384b129f635fbc,1c6bbf19b3d2498696a5baf0f53a0f18,0.948721
164fd25714484642abf3c2f90a97a8fd,8a9dc60359ba49cd8ac170cfb4ac3913,0.984933
164fd25714484642abf3c2f90a97a8fd,9fd4c00672d84215b3e21812aef3d6ac,0.870850
3a05b06fa1e34ff0b02748d47a9e6360,8a9dc60359ba49cd8ac170cfb4ac3913,0.984656
3a05b06fa1e34ff0b02748d47a9e6360,9fd4c00672d84215b3e21812aef3d6ac,0.869662
fec5eb7ba2734bf5b777bcb611801028,9fd4c00672d84215b3e21812aef3d6ac,0.937083
fec5eb7ba2734bf5b777bcb611801028,8a9dc60359ba49cd8ac170cfb4ac3913,0.859629
99fd1c486f1c4dd591b9a6ecf8054b7d,9fd4c00672d84215b3e21812aef3d6ac,0.938169
99fd1c486f1c4dd591b9a6ecf8054b7d,8a9dc60359ba49cd8ac170cfb4ac3913,0.866778
7613bd74728b4f0baa8eabd0aefbbc29,4a6eba10a02a4ecdbb6b25e8651c3789,0.975203
7613bd74728b4f0baa8eabd0aefbbc29,eafb3480db704d7baa8216ce857d1610,0.916837
4c482b037ef04720a8eafa90efddd03b,eafb3480db704d7baa8216ce857d1610,0.987547
4c482b037ef04720a8eafa90efddd03b,4a6eba10a02a4ecdbb6b25e8651c3789,0.922841
596b8b0b72be41a4842150fbbd18aead,4a6eba10a02a4ecdbb6b25e8651c3789,0.982736
596b8b0b72be41a4842150fbbd18aead,eafb3480db704d7baa8216ce857d1610,0.934835
99794362eca94e2ea0536c628c097ee0,eafb3480db704d7baa8216ce857d1610,0.988082
99794362eca94e2ea0536c628c097ee0,4a6eba10a02a4ecdbb6b25e8651c3789,0.913946
517088ff1e71421dbc66c81c7b6d809f,69ac8397e9624bfd8aee237b9f9ea3b5,0.964979
517088ff1e71421dbc66c81c7b6d809f,5be48a6bc26044f2a2e4e9b6a223c319,0.858653
67f17a1293154579a1047cd28690d783,5be48a6bc26044f2a2e4e9b6a223c319,0.939729
67f17a1293154579a1047cd28690d783,69ac8397e9624bfd8aee237b9f9ea3b5,0.899088
376dc48ffd5842e2b10ce1bfe8617a4f,5be48a6bc26044f2a2e4e9b6a223c319,0.964316
376dc48ffd5842e2b10ce1bfe8617a4f,69ac8397e9624bfd8aee237b9f9ea3b5,0.902491
e35f15c7fc564b948c6220d15268f95e,69ac8397e9624bfd8aee237b9f9ea3b5,0.977671
e35f15c7fc564b948c6220d15268f95e,5be48a6bc26044f2a2e4e9b6a223c319,0.876107
7abc7ac040a84ae88177c3b2d510f7cb,e86a0aae846a4e44bf967ab4972c977c,0.952882
7abc7ac040a84ae88177c3b2d510f7cb,a9d82bb43410405ca21b44a5e82e22b6,0.899521
7abc7ac040a84ae88177c3b2d510f7cb,b00b2395b49949508fade89bb3eac98b,0.879210
7abc7ac040a84ae88177c3b2d510f7cb,dd9e8283197b473d8ffd502561bdaaec,0.873372
7abc7ac040a84ae88177c3b2d510f7cb,e4fcd30261804b089efa940359057ba2,0.872192
dc2a5233c1944b37aa2c99dd76665f2b,1e376f9d0945477983c8d851e4b2cf5e,0.989247
27b25d301ad34851bd0df3863116a2e2,e86a0aae846a4e44bf967ab4972c977c,0.973855
27b25d301ad34851bd0df3863116a2e2,b00b2395b49949508fade89bb3eac98b,0.882109
27b25d301ad34851bd0df3863116a2e2,a9d82bb43410405ca21b44a5e82e22b6,0.859720
27b25d301ad34851bd0df3863116a2e2,e4fcd30261804b089efa940359057ba2,0.844558
27b25d301ad34851bd0df3863116a2e2,f5a9583711fc4ff4a46e85c24886b234,0.840944
2b2bf37314104deaa800c3918ab54a33,1e376f9d0945477983c8d851e4b2cf5e,0.990341
3c56e94879364377bc8bfb7a92d403d1,a9d82bb43410405ca21b44a5e82e22b6,0.957358
3c56e94879364377bc8bfb7a92d403d1,e86a0aae846a4e44bf967ab4972c977c,0.853062
c28224ae63704fec95ee0278f177f277,521004289ebc4e6da6623381d40a5e73,0.975705
2c9175bf65da4030a4bca9f358cadeda,521004289ebc4e6da6623381d40a5e73,0.968814
7567134f761c40a79567b3f82e31afdc,f91157bb8fca4a8e98db33591a76be9a,0.995968
e95e0daa9ae049ef8be95f459b99d584,e511c40ca6324803b5021e47b4e777f8,0.974205
e95e0daa9ae049ef8be95f459b99d584,89e983dca0a34b768e17b3871b9cea1e,0.919778
e95e0daa9ae049ef8be95f459b99d584,b40d3c588ad647ff85e397a6bc5f9d8b,0.902747
e95e0daa9ae049ef8be95f459b99d584,bc13c2b0221744a29a8ddf56aa015df9,0.888769
e95e0daa9ae049ef8be95f459b99d584,ca0fe2dd97434e2ca7aecc38d4f1fcd9,0.886950
e95e0daa9ae049ef8be95f459b99d584,643fbbdd6b764ba9904a4ee67a86b9fd,0.871482
e95e0daa9ae049ef8be95f459b99d584,99a52c93a3304ec18dab9206f98f2a8b,0.855562
e95e0daa9ae049ef8be95f459b99d584,0592b57e490d4206a3f12eb004a0afe0,0.847455
ee401564da1d407da8d97b804a5e3801,643fbbdd6b764ba9904a4ee67a86b9fd,0.889289
77ae6ded0d014f36b371a4153e05c4ed,89e983dca0a34b768e17b3871b9cea1e,0.974243
77ae6ded0d014f36b371a4153e05c4ed,b40d3c588ad647ff85e397a6bc5f9d8b,0.934887
77ae6ded0d014f36b371a4153e05c4ed,bc13c2b0221744a29a8ddf56aa015df9,0.924713
77ae6ded0d014f36b371a4153e05c4ed,e511c40ca6324803b5021e47b4e777f8,0.901776
77ae6ded0d014f36b371a4153e05c4ed,0592b57e490d4206a3f12eb004a0afe0,0.900445
77ae6ded0d014f36b371a4153e05c4ed,99a52c93a3304ec18dab9206f98f2a8b,0.896847
77ae6ded0d014f36b371a4153e05c4ed,ca0fe2dd97434e2ca7aecc38d4f1fcd9,0.894410
77ae6ded0d014f36b371a4153e05c4ed,643fbbdd6b764ba9904a4ee67a86b9fd,0.873406
77ae6ded0d014f36b371a4153e05c4ed,b52468fc0af2435f9ba91939f72bbf6a,0.864212
77ae6ded0d014f36b371a4153e05c4ed,9daaefe080b34656a0c7a54d2d6a1713,0.846830
8a0213e5d51f4d7ca596a5163d04d39b,b40d3c588ad647ff85e397a6bc5f9d8b,0.962569
8a0213e5d51f4d7ca596a5163d04d39b,89e983dca0a34b768e17b3871b9cea1e,0.947645
8a0213e5d51f4d7ca596a5163d04d39b,bc13c2b0221744a29a8ddf56aa015df9,0.904406
8a0213e5d51f4d7ca596a5163d04d39b,0592b57e490d4206a3f12eb004a0afe0,0.896422
8a0213e5d51f4d7ca596a5163d04d39b,e511c40ca6324803b5021e47b4e777f8,0.894141
8a0213e5d51f4d7ca596a5163d04d39b,643fbbdd6b764ba9904a4ee67a86b9fd,0.885675
8a0213e5d51f4d7ca596a5163d04d39b,99a52c93a3304ec18dab9206f98f2a8b,0.884455
8a0213e5d51f4d7ca596a5163d04d39b,ca0fe2dd97434e2ca7aecc38d4f1fcd9,0.879623
8a0213e5d51f4d7ca596a5163d04d39b,b52468fc0af2435f9ba91939f72bbf6a,0.869073
8a0213e5d51f4d7ca596a5163d04d39b,9daaefe080b34656a0c7a54d2d6a1713,0.841853
49a13f972cb940089aa409b42b7e809b,b425f33c33ad4be89a12da266d131a86,0.978507
49a13f972cb940089aa409b42b7e809b,cb32ec9a538a4c0f8462771946ced93b,0.902456
49a13f972cb940089aa409b42b7e809b,1a0ac2d40cb04ca993e1db68d787728a,0.857410
42b7373e7edb4471bd9cd69dd50bf4f1,b425f33c33ad4be89a12da266d131a86,0.894691
42b7373e7edb4471bd9cd69dd50bf4f1,1a0ac2d40cb04ca993e1db68d787728a,0.889592
42b7373e7edb4471bd9cd69dd50bf4f1,cb32ec9a538a4c0f8462771946ced93b,0.855335
1c30f9917de0495eae26b471a7cd3e1d,b425f33c33ad4be89a12da266d131a86,0.983017
1c30f9917de0495eae26b471a7cd3e1d,cb32ec9a538a4c0f8462771946ced93b,0.928772
1c30f9917de0495eae26b471a7cd3e1d,1a0ac2d40cb04ca993e1db68d787728a,0.848572
57378df73d2a41698b22cc6d6171529d,2acbd3ec289a47f7b4108896ec632585,0.963434
ffa661c1e7484ac0bd1e6fd235a3cc5a,2acbd3ec289a47f7b4108896ec632585,0.978147
b2ab0d60cd84497b8493bee493f63c20,33e2a95109e647cbb4ba2687631b169a,0.937871
5cbead44a3a74909ab9ed4a89f1396cf,33e2a95109e647cbb4ba2687631b169a,0.961352
6e174164c10a49d8a9483ad16d690598,d658e3a743af41899183fecff6b2628d,0.965232
1472ac5adbe24310ac0366a2fb7c4d66,d658e3a743af41899183fecff6b2628d,0.869140
1472ac5adbe24310ac0366a2fb7c4d66,d43b0f94627d45918e18a80be127aa2c,0.859640
7df15c3f44244335b645553730704ae6,d658e3a743af41899183fecff6b2628d,0.859379
7df15c3f44244335b645553730704ae6,d43b0f94627d45918e18a80be127aa2c,0.850103
d59e2a4a21bf40f9b53614eb370d1190,d658e3a743af41899183fecff6b2628d,0.993393
fa321eafe1a9412bb6e66f46ae22286c,6400e3f6a14c492ba399bd414faca075,0.997162
fa321eafe1a9412bb6e66f46ae22286c,72a7e2ce22d045efbdbbab9c68f5d026,0.855514
503f076c7e794fbca12dae4217643acd,6400e3f6a14c492ba399bd414faca075,0.993015
14780abe56584d7c820310e42bef8f59,72a7e2ce22d045efbdbbab9c68f5d026,0.984020
14780abe56584d7c820310e42bef8f59,6400e3f6a14c492ba399bd414faca075,0.855237
695fbae9ce4c4e3ab42253368b1e2cd2,72a7e2ce22d045efbdbbab9c68f5d026,0.964370
695fbae9ce4c4e3ab42253368b1e2cd2,6400e3f6a14c492ba399bd414faca075,0.864159
c4b6717a4b55444ca077700ab06da875,afaf2edba0ee4d58860a5a04e4aabc5c,0.995481
c4b6717a4b55444ca077700ab06da875,66690895454847fea5a000202fbfab2e,0.862630
7ddb092a89824767b09eb8b07c8f67de,afaf2edba0ee4d58860a5a04e4aabc5c,0.992609
7ddb092a89824767b09eb8b07c8f67de,66690895454847fea5a000202fbfab2e,0.863102
21ff6809479e4f828a199d580c8ae4c1,66690895454847fea5a000202fbfab2e,0.963164
21ff6809479e4f828a199d580c8ae4c1,afaf2edba0ee4d58860a5a04e4aabc5c,0.902702
763242c8ded1422bb4439fdb575fad5b,66690895454847fea5a000202fbfab2e,0.960931
763242c8ded1422bb4439fdb575fad5b,afaf2edba0ee4d58860a5a04e4aabc5c,0.895342
a9852ab7f40a4b35a004ce7c87aac7b6,3675c688960a4f3b9f82c4ccf4049e93,0.991198
c8186591409f4404a006b302ed5475d5,45f4192f485a49d9a75219ae4d0c41ee,0.953464
afc4b3ff44d1405c9ff0cce76fa55d76,c5486d5e31084ee797da0ebdacb17abc,0.976334
afc4b3ff44d1405c9ff0cce76fa55d76,0228b1e9e3244da3a727930123ba7bda,0.908194
afc4b3ff44d1405c9ff0cce76fa55d76,f2077addeb6142c8b3540916522126e8,0.900680
afc4b3ff44d1405c9ff0cce76fa55d76,9aca522158f443fd8a9caaec38ae5e2c,0.890540
afc4b3ff44d1405c9ff0cce76fa55d76,1004b33e3126472faa78e1929ed974e6,0.883953
afc4b3ff44d1405c9ff0cce76fa55d76,3b7d56c26da14b3a9b1cd52b5b35891b,0.849844
9df4eaf2213048e4a4ca33f6d817a0b9,f2077addeb6142c8b3540916522126e8,0.985002
9df4eaf2213048e4a4ca33f6d817a0b9,3b7d56c26da14b3a9b1cd52b5b35891b,0.914876
9df4eaf2213048e4a4ca33f6d817a0b9,9aca522158f443fd8a9caaec38ae5e2c,0.912766
9df4eaf2213048e4a4ca33f6d817a0b9,0228b1e9e3244da3a727930123ba7bda,0.901293
9df4eaf2213048e4a4ca33f6d817a0b9,1004b33e3126472faa78e1929ed974e6,0.901158
9df4eaf2213048e4a4ca33f6d817a0b9,9ffa09a2b9bd4da0ba98fc537ca68802,0.890794
9df4eaf2213048e4a4ca33f6d817a0b9,c5486d5e31084ee797da0ebdacb17abc,0.873846
452c8a69dd45447f976e014338d22ae6,1004b33e3126472faa78e1929ed974e6,0.991042
452c8a69dd45447f976e014338d22ae6,3b7d56c26da14b3a9b1cd52b5b35891b,0.935962
452c8a69dd45447f976e014338d22ae6,9ffa09a2b9bd4da0ba98fc537ca68802,0.911857
452c8a69dd45447f976e014338d22ae6,9aca522158f443fd8a9caaec38ae5e2c,0.898993
452c8a69dd45447f976e014338d22ae6,f2077addeb6142c8b3540916522126e8,0.898043
452c8a69dd45447f976e014338d22ae6,0228b1e9e3244da3a727930123ba7bda,0.897205
452c8a69dd45447f976e014338d22ae6,c5486d5e31084ee797da0ebdacb17abc,0.869524
9294a2cddd6848f5a6bc5c647fe94884,c5486d5e31084ee797da0ebdacb17abc,0.965629
9294a2cddd6848f5a6bc5c647fe94884,f2077addeb6142c8b3540916522126e8,0.916131
9294a2cddd6848f5a6bc5c647fe94884,1004b33e3126472faa78e1929ed974e6,0.900426
9294a2cddd6848f5a6bc5c647fe94884,0228b1e9e3244da3a727930123ba7bda,0.896459
9294a2cddd6848f5a6bc5c647fe94884,9aca522158f443fd8a9caaec38ae5e2c,0.882885
9294a2cddd6848f5a6bc5c647fe94884,3b7d56c26da14b3a9b1cd52b5b35891b,0.867349
eb3962be88734097b437832a832493f0,42805d29975b400ea7c570fc45ec4938,0.992127
4bb99b51272145f8be128cac5ef3bd65,63eab812f3254cccb9631b09725aec3d,0.974721
122365aed2d049328715f0fe1b2a43c7,63eab812f3254cccb9631b09725aec3d,0.989297
742fec743e3e477785a08d04b8407e64,42805d29975b400ea7c570fc45ec4938,0.992679
c3484b8c5f024854997f34baca483cc0,2d812431f07c44f1a56a71c72766e0b0,0.993576
c3484b8c5f024854997f34baca483cc0,7ee65b33f8f44852ada468b1fed83433,0.929826
c3484b8c5f024854997f34baca483cc0,af532d6e5090478ba520505d5f9107f2,0.873673
94e0d776b3794ee083e5c1681cef5d04,7ee65b33f8f44852ada468b1fed83433,0.990246
94e0d776b3794ee083e5c1681cef5d04,2d812431f07c44f1a56a71c72766e0b0,0.927672
94e0d776b3794ee083e5c1681cef5d04,af532d6e5090478ba520505d5f9107f2,0.900121
2b23b46313714edcb7da655ef18a0f03,7ee65b33f8f44852ada468b1fed83433,0.987135
2b23b46313714edcb7da655ef18a0f03,2d812431f07c44f1a56a71c72766e0b0,0.918432
2b23b46313714edcb7da655ef18a0f03,af532d6e5090478ba520505d5f9107f2,0.892525
fad34cbf60564c3f99677bb2e06263aa,af532d6e5090478ba520505d5f9107f2,0.980650
fad34cbf60564c3f99677bb2e06263aa,7ee65b33f8f44852ada468b1fed83433,0.890626
fad34cbf60564c3f99677bb2e06263aa,2d812431f07c44f1a56a71c72766e0b0,0.862531
a47ae5564b854b989994a2a30367bfa4,2d812431f07c44f1a56a71c72766e0b0,0.995383
a47ae5564b854b989994a2a30367bfa4,7ee65b33f8f44852ada468b1fed83433,0.931170
a47ae5564b854b989994a2a30367bfa4,af532d6e5090478ba520505d5f9107f2,0.870543
9113b0a4a5e24e61aed364a478da29ee,bcfa4a4177d44d8b8cda17b7a23196b0,0.990709
9113b0a4a5e24e61aed364a478da29ee,c1def54262224e23acf67a9870725ce5,0.932522
b3926611d2914adc8eadda384ed96905,c1def54262224e23acf67a9870725ce5,0.989458
b3926611d2914adc8eadda384ed96905,bcfa4a4177d44d8b8cda17b7a23196b0,0.938362
36bc21f1eb9547d6acfa87c18625fa92,c1def54262224e23acf67a9870725ce5,0.953539
36bc21f1eb9547d6acfa87c18625fa92,bcfa4a4177d44d8b8cda17b7a23196b0,0.904758
d7becb5524844f73b41af1cad1c1266b,999a2b52a5004ee984e587d5a1327b23,0.931240
d7becb5524844f73b41af1cad1c1266b,bcfa4a4177d44d8b8cda17b7a23196b0,0.872961
d7becb5524844f73b41af1cad1c1266b,c1def54262224e23acf67a9870725ce5,0.846967
f63ec53d7383437a8d1e627efc4dd528,bcfa4a4177d44d8b8cda17b7a23196b0,0.986608
f63ec53d7383437a8d1e627efc4dd528,c1def54262224e23acf67a9870725ce5,0.931088
d76ebc807f524eb9b8f95b523304233d,b3a022950e444682a113cec5a0537f6a,0.959604
d76ebc807f524eb9b8f95b523304233d,35d06fce2df446569702778e2250bd82,0.861913
d76ebc807f524eb9b8f95b523304233d,d75a52d716984f318f976bbfc7bee787,0.842795
d76ebc807f524eb9b8f95b523304233d,570f08ce2a1a47978eab16bf7ad16a68,0.840977
4b8fd90e4d5b4a25a57652c495f66ea5,b3a022950e444682a113cec5a0537f6a,0.981041
4b8fd90e4d5b4a25a57652c495f66ea5,35d06fce2df446569702778e2250bd82,0.870210
4b8fd90e4d5b4a25a57652c495f66ea5,d75a52d716984f318f976bbfc7bee787,0.856992
9ac82778d5784882b02b03d8ce1a4ccd,35d06fce2df446569702778e2250bd82,0.963904
9ac82778d5784882b02b03d8ce1a4ccd,f4474150010f4021a4620372062f3797,0.877192
9ac82778d5784882b02b03d8ce1a4ccd,04537eabb0434eb2804d1220770b85a0,0.844967
dee104ae444246ed89dd5a5796eafc0a,2c65a898314b42e6b2e93dca66fd15c2,0.987786
dee104ae444246ed89dd5a5796eafc0a,f59a3ee5387440d981754b6595e8664c,0.904242
dee104ae444246ed89dd5a5796eafc0a,da9cfbdf124143b78bec89393dd5287a,0.876376
9a46e2903ca8474d9cb7fe93138049f0,2c65a898314b42e6b2e93dca66fd15c2,0.988303
9a46e2903ca8474d9cb7fe93138049f0,f59a3ee5387440d981754b6595e8664c,0.916457
9a46e2903ca8474d9cb7fe93138049f0,da9cfbdf124143b78bec89393dd5287a,0.878535
bfa6dfb11d9e42a98ba3ab87d5f2ffde,da9cfbdf124143b78bec89393dd5287a,0.964380
bfa6dfb11d9e42a98ba3ab87d5f2ffde,f59a3ee5387440d981754b6595e8664c,0.925600
bfa6dfb11d9e42a98ba3ab87d5f2ffde,2c65a898314b42e6b2e93dca66fd15c2,0.887735
f677dfcf19e14a9faf24ac74066422c2,f59a3ee5387440d981754b6595e8664c,0.991385
f677dfcf19e14a9faf24ac74066422c2,2c65a898314b42e6b2e93dca66fd15c2,0.910123
f677dfcf19e14a9faf24ac74066422c2,da9cfbdf124143b78bec89393dd5287a,0.897248
98fd88d0387e44c3950f7955f062c9b3,761a3a01495143f0a86beac4234cae3a,0.954291
98fd88d0387e44c3950f7955f062c9b3,d37bf09399d848df9a4d880fb097239c,0.918240
98fd88d0387e44c3950f7955f062c9b3,93bf0b86be094f68a9d308ca5ecfb4e3,0.875235
98fd88d0387e44c3950f7955f062c9b3,5e199f7727cc4910ad88dbd81ed1ec82,0.842482
90efefd1c3314a96b5fd32625e55a054,5e199f7727cc4910ad88dbd81ed1ec82,0.992887
90efefd1c3314a96b5fd32625e55a054,93bf0b86be094f68a9d308ca5ecfb4e3,0.965830
90efefd1c3314a96b5fd32625e55a054,d37bf09399d848df9a4d880fb097239c,0.867306
b77b731d5a9c49139163f1fac2ed9337,5e199f7727cc4910ad88dbd81ed1ec82,0.995893
b77b731d5a9c49139163f1fac2ed9337,93bf0b86be094f68a9d308ca5ecfb4e3,0.965298
b77b731d5a9c49139163f1fac2ed9337,d37bf09399d848df9a4d880fb097239c,0.871477
dd2de907048e4d1ba625a54ad1bdeb2a,d37bf09399d848df9a4d880fb097239c,0.989290
dd2de907048e4d1ba625a54ad1bdeb2a,93bf0b86be094f68a9d308ca5ecfb4e3,0.877993
dd2de907048e4d1ba625a54ad1bdeb2a,716a15d66b63424a8068da89e75733b4,0.869825
dd2de907048e4d1ba625a54ad1bdeb2a,761a3a01495143f0a86beac4234cae3a,0.867203
dd2de907048e4d1ba625a54ad1bdeb2a,5e199f7727cc4910ad88dbd81ed1ec82,0.866920
b1494352b57f4f809fbe88f8f61ab247,11e9586d6c7a443c8025278f8ef53b6d,0.968071
b1494352b57f4f809fbe88f8f61ab247,75bf181ea5dc490e95d364a5f5c7af1d,0.919613
b1494352b57f4f809fbe88f8f61ab247,ae3f42d57b3046a3821026173286a43e,0.873474
b1494352b57f4f809fbe88f8f61ab247,4c67cc7a1ccc496db132636e3f4853a2,0.866367
841cacf592b14de2bc2fcdaf4995bf39,75bf181ea5dc490e95d364a5f5c7af1d,0.967632
841cacf592b14de2bc2fcdaf4995bf39,11e9586d6c7a443c8025278f8ef53b6d,0.913015
841cacf592b14de2bc2fcdaf4995bf39,ae3f42d57b3046a3821026173286a43e,0.904639
841cacf592b14de2bc2fcdaf4995bf39,4c67cc7a1ccc496db132636e3f4853a2,0.849891
9c8f594f127f4823807c7d9a40bc9547,7d5c0a2bfccf4255a43d9bd0f84a6d3a,0.985367
e0f3fe21dd04463787d620860a0ec6a2,7d5c0a2bfccf4255a43d9bd0f84a6d3a,0.935645
26a7ded48a0842c28c407984aa614b3c,c713a0ca69864ee7b240069c98dc44dc,0.979133
95e4e242519d4cd9bae0a574d881fa7b,c713a0ca69864ee7b240069c98dc44dc,0.974255
e8f5726fe08646aab29fd6e5202c7f88,feb980ae999948ce9be0266b4ddc048d,0.959579
3bdf75b6d56a422d94e6c850d515d3ed,feb980ae999948ce9be0266b4ddc048d,0.985597
3bdf75b6d56a422d94e6c850d515d3ed,c713a0ca69864ee7b240069c98dc44dc,0.858936
978f36c5e8ff41efa416cf6c32ca240e,7d3d751215194e649a03457226f599d7,0.967603
57add4e71a1c4202a2502065ae10d002,f5d09519cf7647f8a107cd8fadd322e5,0.906687
57add4e71a1c4202a2502065ae10d002,3e6a4b65a1004c08a6f3f570cf986c2f,0.883799
57add4e71a1c4202a2502065ae10d002,2b039224b54142d185a406b31fe01de2,0.882610
57add4e71a1c4202a2502065ae10d002,7ab9086baf99475d8c93862a7dd36344,0.857973
57add4e71a1c4202a2502065ae10d002,701ac1447f5a414e81156a56c3593a31,0.852655
57add4e71a1c4202a2502065ae10d002,342aaa81ed004635bbf9cbc2592cd7b6,0.846862
57add4e71a1c4202a2502065ae10d002,f879b316413f45d2b64bb25e3f45a667,0.846109
9509c30cb1bb48f38a20b700b4c3456e,7ab9086baf99475d8c93862a7dd36344,0.986169
9509c30cb1bb48f38a20b700b4c3456e,2b039224b54142d185a406b31fe01de2,0.931264
9509c30cb1bb48f38a20b700b4c3456e,342aaa81ed004635bbf9cbc2592cd7b6,0.908525
9509c30cb1bb48f38a20b700b4c3456e,f5d09519cf7647f8a107cd8fadd322e5,0.892210
e25640a5cf1a493db2690655a45676b5,7ab9086baf99475d8c93862a7dd36344,0.985465
e25640a5cf1a493db2690655a45676b5,2b039224b54142d185a406b31fe01de2,0.940790
e25640a5cf1a493db2690655a45676b5,342aaa81ed004635bbf9cbc2592cd7b6,0.923646
e25640a5cf1a493db2690655a45676b5,f5d09519cf7647f8a107cd8fadd322e5,0.901969
e25640a5cf1a493db2690655a45676b5,701ac1447f5a414e81156a56c3593a31,0.857344
ce1ecc1569cc4b1ca2945be90a005698,f5d09519cf7647f8a107cd8fadd322e5,0.927023
ce1ecc1569cc4b1ca2945be90a005698,701ac1447f5a414e81156a56c3593a31,0.877083
ce1ecc1569cc4b1ca2945be90a005698,7ab9086baf99475d8c93862a7dd36344,0.862843
ce1ecc1569cc4b1ca2945be90a005698,2b039224b54142d185a406b31fe01de2,0.858119
ce1ecc1569cc4b1ca2945be90a005698,342aaa81ed004635bbf9cbc2592cd7b6,0.843534
0c0b0a3a57ae44f5bc9a682ecdf7017e,ad3d372fbf054ea1ad06cfcb7490df4b,0.986203
0c0b0a3a57ae44f5bc9a682ecdf7017e,5f65785004054c67a618fe43b6a30f56,0.935570
0c0b0a3a57ae44f5bc9a682ecdf7017e,44f41e6e6faa4facb0bb9a72205229f8,0.854179
60de40f69385488097a1e4a1e36a7e71,ad3d372fbf054ea1ad06cfcb7490df4b,0.972502
60de40f69385488097a1e4a1e36a7e71,5f65785004054c67a618fe43b6a30f56,0.916392
e24bf2d26b3447a0a1cabfedc1474778,44f41e6e6faa4facb0bb9a72205229f8,0.986206
e24bf2d26b3447a0a1cabfedc1474778,5f65785004054c67a618fe43b6a30f56,0.860168
e24bf2d26b3447a0a1cabfedc1474778,ad3d372fbf054ea1ad06cfcb7490df4b,0.856616
26e498e22958483fb8c239d967efe176,5f65785004054c67a618fe43b6a30f56,0.969174
26e498e22958483fb8c239d967efe176,ad3d372fbf054ea1ad06cfcb7490df4b,0.946224
26e498e22958483fb8c239d967efe176,44f41e6e6faa4facb0bb9a72205229f8,0.841090
0e5860811dd84425862213b698237538,44f41e6e6faa4facb0bb9a72205229f8,0.970576
0e5860811dd84425862213b698237538,5f65785004054c67a618fe43b6a30f56,0.884721
0e5860811dd84425862213b698237538,ad3d372fbf054ea1ad06cfcb7490df4b,0.870815
